city,confirm,critical,date,dead,province,severe
合肥,59,0,2020-02-01,2,安徽省,0
淮北,6,0,2020-02-01,0,安徽省,0
亳州,30,0,2020-02-01,2,安徽省,0
宿州,14,0,2020-02-01,0,安徽省,0
蚌埠,26,0,2020-02-01,0,安徽省,0
阜阳,59,0,2020-02-01,0,安徽省,0
淮南,6,0,2020-02-01,0,安徽省,0
滁州,6,0,2020-02-01,0,安徽省,0
六安,13,0,2020-02-01,1,安徽省,0
马鞍山,27,0,2020-02-01,0,安徽省,0
芜湖,16,0,2020-02-01,0,安徽省,0
宣城,4,0,2020-02-01,0,安徽省,0
铜陵,16,0,2020-02-01,0,安徽省,0
池州,6,0,2020-02-01,0,安徽省,0
安庆,43,0,2020-02-01,0,安徽省,0
黄山,9,0,2020-02-01,0,安徽省,0
万州,39,1,2020-02-01,0,重庆市,3
黔江,2,0,2020-02-01,0,重庆市,0
涪陵,1,0,2020-02-01,0,重庆市,0
渝中,9,0,2020-02-01,0,重庆市,0
大渡口,6,0,2020-02-01,0,重庆市,2
江北,13,1,2020-02-01,0,重庆市,1
沙坪坝,2,0,2020-02-01,0,重庆市,0
九龙坡,11,1,2020-02-01,0,重庆市,0
南岸,4,0,2020-02-01,0,重庆市,0
渝北,12,0,2020-02-01,0,重庆市,1
巴南,1,0,2020-02-01,0,重庆市,0
长寿,10,0,2020-02-01,0,重庆市,3
江津,3,0,2020-02-01,0,重庆市,3
合川,8,0,2020-02-01,0,重庆市,0
永川,3,0,2020-02-01,0,重庆市,0
綦江,4,0,2020-02-01,0,重庆市,1
大足,4,0,2020-02-01,0,重庆市,0
璧山,8,0,2020-02-01,0,重庆市,2
铜梁,4,1,2020-02-01,0,重庆市,0
潼南,2,0,2020-02-01,0,重庆市,0
荣昌,2,0,2020-02-01,0,重庆市,0
开州,16,1,2020-02-01,0,重庆市,1
梁平,2,0,2020-02-01,0,重庆市,1
武隆,1,0,2020-02-01,0,重庆市,0
城口,1,0,2020-02-01,0,重庆市,0
丰都,5,0,2020-02-01,1,重庆市,1
垫江,11,0,2020-02-01,0,重庆市,1
忠,12,1,2020-02-01,0,重庆市,3
云阳,18,0,2020-02-01,0,重庆市,1
奉节,8,0,2020-02-01,0,重庆市,2
巫山,6,0,2020-02-01,1,重庆市,0
巫溪,11,0,2020-02-01,0,重庆市,0
石柱,10,0,2020-02-01,0,重庆市,0
秀山,1,0,2020-02-01,1,重庆市,0
两江新区,12,0,2020-02-01,0,重庆市,0
广州,175,0,2020-02-01,0,广东省,0
深圳,196,0,2020-02-01,0,广东省,0
珠海,41,0,2020-02-01,0,广东省,0
汕头,14,0,2020-02-01,0,广东省,0
佛山,39,0,2020-02-01,0,广东省,0
韶关,5,0,2020-02-01,0,广东省,0
河源,1,0,2020-02-01,0,广东省,0
梅州,6,0,2020-02-01,0,广东省,0
惠州,23,0,2020-02-01,0,广东省,0
汕尾,4,0,2020-02-01,0,广东省,0
东莞,27,0,2020-02-01,0,广东省,0
中山,21,0,2020-02-01,0,广东省,0
江门,3,0,2020-02-01,0,广东省,0
阳江,10,0,2020-02-01,0,广东省,0
湛江,14,0,2020-02-01,0,广东省,0
茂名,3,0,2020-02-01,0,广东省,0
肇庆,7,0,2020-02-01,0,广东省,0
清远,6,0,2020-02-01,0,广东省,0
揭阳,6,0,2020-02-01,0,广东省,0
潮州,3,0,2020-02-01,0,广东省,0
沧州,19,0,2020-02-01,0,河北,1
石家庄,13,0,2020-02-01,0,河北,2
廊坊,11,0,2020-02-01,0,河北,1
保定,13,0,2020-02-01,0,河北,0
张家口,9,0,2020-02-01,0,河北,1
邯郸,11,0,2020-02-01,0,河北,1
邢台,10,0,2020-02-01,0,河北,2
衡水,4,0,2020-02-01,0,河北,0
唐山,11,0,2020-02-01,0,河北,0
承德,2,0,2020-02-01,0,河北,0
秦皇岛,1,0,2020-02-01,0,河北,0
武汉,4109,0,2020-02-01,138,湖北省,0
黄石,252,0,2020-02-01,2,湖北省,0
十堰,212,0,2020-02-01,0,湖北省,0
襄阳,441,0,2020-02-01,0,湖北省,0
宜昌,353,0,2020-02-01,0,湖北省,0
荆州,333,0,2020-02-01,2,湖北省,0
荆门,329,0,2020-02-01,3,湖北省,0
鄂州,278,0,2020-02-01,0,湖北省,0
孝感,749,0,2020-02-01,2,湖北省,0
黄冈,1002,0,2020-02-01,27,湖北省,0
咸宁,246,0,2020-02-01,1,湖北省,0
随州,384,0,2020-02-01,3,湖北省,0
恩施州,105,0,2020-02-01,2,湖北省,0
仙桃,140,0,2020-02-01,0,湖北省,0
天门,99,0,2020-02-01,0,湖北省,0
潜江,35,0,2020-02-01,0,湖北省,0
神农架林区,7,0,2020-02-01,0,湖北省,0
南昌,89,0,2020-02-01,1,江西省,0
九江,53,0,2020-02-01,0,江西省,0
新余,43,0,2020-02-01,3,江西省,0
赣州,34,0,2020-02-01,1,江西省,0
宜春,31,0,2020-02-01,1,江西省,0
抚州,24,0,2020-02-01,0,江西省,0
上饶,19,0,2020-02-01,1,江西省,0
吉安,12,0,2020-02-01,1,江西省,0
萍乡,15,0,2020-02-01,1,江西省,0
鹰潭,8,0,2020-02-01,0,江西省,0
景德镇,3,0,2020-02-01,1,江西省,0
呼和浩特,2,0,2020-02-01,0,内蒙古,0
包头,5,2,2020-02-01,0,内蒙古,0
呼伦贝尔,2,0,2020-02-01,0,内蒙古,0
兴安盟,1,0,2020-02-01,0,内蒙古,0
通辽,1,0,2020-02-01,0,内蒙古,0
赤峰,2,0,2020-02-01,0,内蒙古,0
锡林郭勒盟,2,0,2020-02-01,0,内蒙古,0
乌兰察布,2,0,2020-02-01,0,内蒙古,0
鄂尔多斯,6,0,2020-02-01,0,内蒙古,0
巴彦淖尔,3,0,2020-02-01,0,内蒙古,0
济南,19,0,2020-02-01,0,山东省,0
青岛,22,0,2020-02-01,0,山东省,0
淄博,12,0,2020-02-01,0,山东省,0
枣庄,14,0,2020-02-01,0,山东省,0
烟台,20,0,2020-02-01,0,山东省,0
潍坊,10,0,2020-02-01,0,山东省,0
济宁,14,0,2020-02-01,0,山东省,0
泰安,9,0,2020-02-01,0,山东省,0
威海,24,0,2020-02-01,0,山东省,0
日照,11,0,2020-02-01,0,山东省,0
临沂,24,0,2020-02-01,0,山东省,0
德州,19,0,2020-02-01,0,山东省,0
聊城,9,0,2020-02-01,0,山东省,0
滨州,10,0,2020-02-01,0,山东省,0
菏泽,8,0,2020-02-01,0,山东省,0
晋中,13,1,2020-02-01,0,山西省,1
运城,10,0,2020-02-01,0,山西省,0
大同,8,0,2020-02-01,0,山西省,0
吕梁,5,0,2020-02-01,0,山西省,1
太原,6,0,2020-02-01,1,山西省,0
朔州,3,0,2020-02-01,0,山西省,0
长治,3,0,2020-02-01,0,山西省,0
晋城,3,0,2020-02-01,0,山西省,0
忻州,3,0,2020-02-01,0,山西省,1
阳泉,1,0,2020-02-01,0,山西省,0
临汾,1,0,2020-02-01,0,山西省,0
河北,9,0,2020-02-01,0,天津市,0
河东,6,0,2020-02-01,0,天津市,1
河西,3,0,2020-02-01,0,天津市,0
和平,3,0,2020-02-01,0,天津市,0
南开,2,0,2020-02-01,0,天津市,0
宝坻,3,0,2020-02-01,0,天津市,1
东丽,3,0,2020-02-01,0,天津市,0
西青,2,0,2020-02-01,0,天津市,0
红桥,2,0,2020-02-01,0,天津市,0
滨海新区,2,0,2020-02-01,0,天津市,0
宁河,2,0,2020-02-01,0,天津市,0
外地来津,4,0,2020-02-01,0,天津市,0
澳门,8,0,2020-02-01,0,澳门,0
福州,44,0,2020-02-01,0,福建省,0
厦门,18,0,2020-02-01,0,福建省,0
漳州,12,0,2020-02-01,0,福建省,0
泉州,29,0,2020-02-01,0,福建省,0
三明,11,0,2020-02-01,0,福建省,0
莆田,27,0,2020-02-01,0,福建省,0
南平,8,0,2020-02-01,0,福建省,0
龙岩,1,0,2020-02-01,0,福建省,0
宁德,9,0,2020-02-01,0,福建省,0
南宁,16,0,2020-02-01,0,广西,0
柳州,12,0,2020-02-01,0,广西,0
桂林,23,2,2020-02-01,0,广西,2
梧州,5,0,2020-02-01,1,广西,0
北海,23,0,2020-02-01,0,广西,0
防城港,8,0,2020-02-01,1,广西,3
钦州,2,0,2020-02-01,0,广西,0
贵港,4,0,2020-02-01,0,广西,1
玉林,7,0,2020-02-01,0,广西,0
百色,2,0,2020-02-01,0,广西,0
河池,6,0,2020-02-01,0,广西,0
贺州,3,0,2020-02-01,0,广西,0
哈尔滨,34,0,2020-02-01,2,黑龙江省,0
齐齐哈尔,3,0,2020-02-01,0,黑龙江省,0
牡丹江,7,0,2020-02-01,0,黑龙江省,0
佳木斯,11,0,2020-02-01,0,黑龙江省,0
大庆,8,0,2020-02-01,0,黑龙江省,0
鸡西,4,0,2020-02-01,0,黑龙江省,0
双鸭山,4,0,2020-02-01,0,黑龙江省,0
七台河,6,0,2020-02-01,0,黑龙江省,0
鹤岗,1,0,2020-02-01,0,黑龙江省,0
绥化,14,0,2020-02-01,0,黑龙江省,0
黑河,1,0,2020-02-01,0,黑龙江省,0
大兴安岭地,2,0,2020-02-01,0,黑龙江省,0
长沙,112,0,2020-02-01,0,湖南省,9
衡阳,30,0,2020-02-01,0,湖南省,0
株洲,25,0,2020-02-01,0,湖南省,6
湘潭,16,0,2020-02-01,0,湖南省,1
邵阳,49,0,2020-02-01,0,湖南省,7
岳阳,53,0,2020-02-01,0,湖南省,2
常德,42,0,2020-02-01,0,湖南省,4
张家界,3,0,2020-02-01,0,湖南省,0
益阳,27,0,2020-02-01,0,湖南省,3
郴州,18,0,2020-02-01,0,湖南省,0
永州,22,0,2020-02-01,0,湖南省,2
怀化,31,0,2020-02-01,0,湖南省,8
娄底,29,0,2020-02-01,0,湖南省,1
湘西自治州,6,0,2020-02-01,0,湖南省,1
长春,12,0,2020-02-01,1,吉林省,0
吉林,3,0,2020-02-01,0,吉林省,0
延边,2,0,2020-02-01,0,吉林省,0
松原,2,0,2020-02-01,0,吉林省,0
通化,1,0,2020-02-01,0,吉林省,0
四平,1,0,2020-02-01,0,吉林省,0
公主岭,1,0,2020-02-01,0,吉林省,0
银川,16,0,2020-02-01,0,宁夏,0
吴忠,7,0,2020-02-01,0,宁夏,0
固原,2,0,2020-02-01,0,宁夏,0
中卫,2,0,2020-02-01,0,宁夏,0
宁东管委会,1,0,2020-02-01,0,宁夏,0
外地来沪,74,0,2020-02-01,0,上海市,0
浦东,32,0,2020-02-01,0,上海市,0
静安,9,0,2020-02-01,0,上海市,0
闵行,7,0,2020-02-01,0,上海市,0
长宁,7,0,2020-02-01,0,上海市,0
黄浦,5,0,2020-02-01,0,上海市,0
徐汇,7,0,2020-02-01,0,上海市,0
虹口,5,0,2020-02-01,0,上海市,0
宝山,8,0,2020-02-01,0,上海市,0
奉贤,5,0,2020-02-01,0,上海市,0
松江,7,0,2020-02-01,0,上海市,0
普陀,3,0,2020-02-01,0,上海市,0
杨浦,2,0,2020-02-01,0,上海市,0
嘉定,2,0,2020-02-01,0,上海市,0
青浦,2,0,2020-02-01,0,上海市,0
金山,1,0,2020-02-01,0,上海市,0
崇明,1,0,2020-02-01,0,上海市,0
成都,73,0,2020-02-01,0,四川省,0
南充,23,0,2020-02-01,0,四川省,0
广安,20,0,2020-02-01,0,四川省,0
绵阳,14,0,2020-02-01,0,四川省,0
内江,11,0,2020-02-01,0,四川省,0
自贡,9,0,2020-02-01,0,四川省,0
达州,9,0,2020-02-01,0,四川省,0
巴中,8,0,2020-02-01,0,四川省,0
攀枝花,9,0,2020-02-01,0,四川省,0
德阳,10,0,2020-02-01,0,四川省,0
宜宾,7,0,2020-02-01,0,四川省,0
泸州,6,0,2020-02-01,0,四川省,0
遂宁,5,0,2020-02-01,0,四川省,0
雅安,5,0,2020-02-01,0,四川省,0
甘孜州,5,0,2020-02-01,0,四川省,0
凉山州,5,0,2020-02-01,0,四川省,0
广元,5,0,2020-02-01,0,四川省,0
乐山,2,0,2020-02-01,0,四川省,0
眉山,2,0,2020-02-01,0,四川省,0
资阳,2,0,2020-02-01,0,四川省,0
阿坝州,1,0,2020-02-01,0,四川省,0
昆明,31,0,2020-02-01,0,云南省,0
西双版纳州,12,0,2020-02-01,0,云南省,0
玉溪,11,0,2020-02-01,0,云南省,0
保山,8,0,2020-02-01,0,云南省,0
昭通,6,0,2020-02-01,0,云南省,0
大理州,7,0,2020-02-01,1,云南省,0
丽江,6,0,2020-02-01,0,云南省,0
曲靖,5,0,2020-02-01,0,云南省,0
红河州,5,0,2020-02-01,1,云南省,0
普洱,4,0,2020-02-01,0,云南省,0
德宏州,3,0,2020-02-01,0,云南省,0
临沧,1,0,2020-02-01,0,云南省,0
东城,3,0,2020-02-01,0,北京市,0
西城,17,0,2020-02-01,0,北京市,0
朝阳,35,0,2020-02-01,0,北京市,0
海淀,41,0,2020-02-01,0,北京市,0
丰台,16,0,2020-02-01,0,北京市,0
石景山,4,0,2020-02-01,0,北京市,0
门头沟,1,0,2020-02-01,0,北京市,0
房山,2,0,2020-02-01,0,北京市,0
通州,13,0,2020-02-01,0,北京市,0
顺义,6,0,2020-02-01,0,北京市,0
大兴,21,0,2020-02-01,0,北京市,0
昌平,12,0,2020-02-01,0,北京市,0
怀柔,1,0,2020-02-01,0,北京市,0
外地来京人员,11,0,2020-02-01,0,北京市,0
郑州,65,0,2020-02-01,0,河南省,0
开封,11,0,2020-02-01,0,河南省,0
洛阳,7,0,2020-02-01,0,河南省,0
平顶山,14,0,2020-02-01,0,河南省,0
安阳,24,0,2020-02-01,0,河南省,0
鹤壁,8,0,2020-02-01,0,河南省,0
新乡,21,0,2020-02-01,0,河南省,0
焦作,7,0,2020-02-01,0,河南省,0
濮阳,3,0,2020-02-01,0,河南省,0
许昌,13,0,2020-02-01,0,河南省,0
漯河,16,0,2020-02-01,0,河南省,0
三门峡,7,0,2020-02-01,0,河南省,0
南阳,62,0,2020-02-01,0,河南省,0
商丘,36,0,2020-02-01,0,河南省,0
周口,40,0,2020-02-01,0,河南省,0
信阳,88,0,2020-02-01,0,河南省,0
驻马店,46,0,2020-02-01,0,河南省,0
滑,1,0,2020-02-01,0,河南省,0
长垣,2,0,2020-02-01,0,河南省,0
永城,8,0,2020-02-01,0,河南省,0
邓州,14,0,2020-02-01,0,河南省,0
南京,35,0,2020-02-01,2,江苏省,0
无锡,19,0,2020-02-01,0,江苏省,0
徐州,30,0,2020-02-01,0,江苏省,0
常州,15,0,2020-02-01,0,江苏省,0
苏州,38,0,2020-02-01,2,江苏省,1
南通,17,0,2020-02-01,0,江苏省,0
连云港,13,0,2020-02-01,1,江苏省,0
淮安,13,0,2020-02-01,1,江苏省,0
盐城,15,0,2020-02-01,0,江苏省,0
扬州,13,0,2020-02-01,0,江苏省,0
镇江,3,0,2020-02-01,0,江苏省,0
泰州,17,0,2020-02-01,0,江苏省,0
宿迁,8,0,2020-02-01,0,江苏省,0
沈阳,16,0,2020-02-01,0,辽宁省,0
大连,10,0,2020-02-01,1,辽宁省,0
本溪,3,0,2020-02-01,0,辽宁省,0
丹东,6,0,2020-02-01,0,辽宁省,0
锦州,7,0,2020-02-01,0,辽宁省,0
营口,1,0,2020-02-01,0,辽宁省,0
阜新,2,0,2020-02-01,0,辽宁省,0
辽阳,1,0,2020-02-01,0,辽宁省,0
铁岭,2,0,2020-02-01,0,辽宁省,0
朝阳,6,0,2020-02-01,0,辽宁省,0
盘锦,5,0,2020-02-01,0,辽宁省,0
葫芦岛,5,0,2020-02-01,0,辽宁省,0
西宁,9,0,2020-02-01,0,青海省,0
西安,47,0,2020-02-01,0,陕西省,0
宝鸡,7,0,2020-02-01,0,陕西省,0
咸阳,9,0,2020-02-01,0,陕西省,0
铜川,6,0,2020-02-01,0,陕西省,0
渭南,5,0,2020-02-01,0,陕西省,0
延安,7,0,2020-02-01,0,陕西省,0
榆林,1,0,2020-02-01,0,陕西省,0
汉中,15,0,2020-02-01,0,陕西省,0
安康,16,0,2020-02-01,0,陕西省,0
商洛,2,0,2020-02-01,0,陕西省,0
韩城,1,0,2020-02-01,0,陕西省,0
乌鲁木齐,8,1,2020-02-01,0,新疆,2
伊犁州,5,0,2020-02-01,0,新疆,2
吐鲁番,1,0,2020-02-01,0,新疆,0
阿克苏地,1,0,2020-02-01,0,新疆,0
兵团第七师,1,0,2020-02-01,0,新疆,0
兵团第八师石河子,1,0,2020-02-01,0,新疆,0
兵团第九师,4,0,2020-02-01,0,新疆,0
杭州,110,0,2020-02-01,2,浙江省,10
宁波,66,0,2020-02-01,1,浙江省,3
温州,265,0,2020-02-01,10,浙江省,16
湖州,6,0,2020-02-01,0,浙江省,0
嘉兴,19,0,2020-02-01,0,浙江省,2
绍兴,27,0,2020-02-01,1,浙江省,5
金华,34,0,2020-02-01,3,浙江省,5
衢州,13,0,2020-02-01,0,浙江省,3
舟山,7,0,2020-02-01,1,浙江省,0
台州,100,0,2020-02-01,4,浙江省,6
丽水,14,0,2020-02-01,1,浙江省,2
贵阳,6,0,2020-02-01,1,贵州省,0
遵义,5,0,2020-02-01,0,贵州省,0
六盘水,8,0,2020-02-01,0,贵州省,0
安顺,2,0,2020-02-01,0,贵州省,0
毕节,4,0,2020-02-01,0,贵州省,0
铜仁,3,0,2020-02-01,0,贵州省,0
黔东南州,4,0,2020-02-01,0,贵州省,0
黔南州,5,0,2020-02-01,0,贵州省,0
黔西南州,1,0,2020-02-01,0,贵州省,0
其他,23,0,2020-02-01,0,贵州省,0
海口,11,0,2020-02-01,0,海南省,0
三亚,17,0,2020-02-01,0,海南省,0
儋州,6,0,2020-02-01,0,海南省,0
琼海,6,0,2020-02-01,0,海南省,0
万宁,8,0,2020-02-01,0,海南省,0
东方,1,0,2020-02-01,0,海南省,0
澄迈,2,0,2020-02-01,0,海南省,0
临高,4,0,2020-02-01,0,海南省,0
陵水,5,0,2020-02-01,0,海南省,0
琼中,1,0,2020-02-01,0,海南省,0
定安,1,0,2020-02-01,0,海南省,0
昌江,1,0,2020-02-01,0,海南省,0
乐东,1,0,2020-02-01,0,海南省,0
合肥,59,0,2020-01-31,1,安徽省,0
淮北,6,0,2020-01-31,0,安徽省,0
亳州,25,0,2020-01-31,1,安徽省,0
宿州,12,0,2020-01-31,0,安徽省,0
蚌埠,16,0,2020-01-31,0,安徽省,2
阜阳,47,0,2020-01-31,0,安徽省,1
淮南,6,0,2020-01-31,0,安徽省,0
滁州,6,0,2020-01-31,0,安徽省,0
六安,13,0,2020-01-31,1,安徽省,0
马鞍山,22,0,2020-01-31,0,安徽省,0
芜湖,15,0,2020-01-31,0,安徽省,0
宣城,4,0,2020-01-31,0,安徽省,0
铜陵,16,0,2020-01-31,0,安徽省,0
池州,4,0,2020-01-31,0,安徽省,0
安庆,37,0,2020-01-31,0,安徽省,0
黄山,9,0,2020-01-31,0,安徽省,0
万州,33,1,2020-01-31,0,重庆市,3
黔江,2,0,2020-01-31,0,重庆市,0
涪陵,1,0,2020-01-31,0,重庆市,0
渝中,7,0,2020-01-31,0,重庆市,0
大渡口,6,0,2020-01-31,0,重庆市,2
江北,12,1,2020-01-31,0,重庆市,1
九龙坡,9,1,2020-01-31,0,重庆市,0
南岸,3,0,2020-01-31,0,重庆市,0
渝北,11,0,2020-01-31,0,重庆市,1
巴南,1,0,2020-01-31,0,重庆市,0
长寿,10,0,2020-01-31,0,重庆市,3
江津,3,0,2020-01-31,0,重庆市,2
合川,8,0,2020-01-31,0,重庆市,0
永川,3,0,2020-01-31,0,重庆市,0
綦江,4,0,2020-01-31,0,重庆市,1
大足,4,0,2020-01-31,0,重庆市,0
璧山,8,0,2020-01-31,0,重庆市,2
铜梁,2,1,2020-01-31,0,重庆市,0
潼南,2,0,2020-01-31,0,重庆市,0
开州,16,1,2020-01-31,0,重庆市,0
梁平,2,0,2020-01-31,0,重庆市,0
武隆,1,0,2020-01-31,0,重庆市,0
城口,1,0,2020-01-31,0,重庆市,0
丰都,4,0,2020-01-31,0,重庆市,1
垫江,10,0,2020-01-31,0,重庆市,1
忠,12,1,2020-01-31,0,重庆市,1
云阳,17,0,2020-01-31,0,重庆市,1
奉节,5,0,2020-01-31,0,重庆市,1
巫山,6,0,2020-01-31,1,重庆市,0
巫溪,10,0,2020-01-31,0,重庆市,0
石柱,10,0,2020-01-31,0,重庆市,0
秀山,1,0,2020-01-31,0,重庆市,0
两江新区,10,0,2020-01-31,0,重庆市,0
沙坪坝,2,0,2020-01-31,0,重庆市,0
广州,106,0,2020-01-31,0,广东省,0
深圳,110,0,2020-01-31,0,广东省,0
珠海,26,0,2020-01-31,0,广东省,0
汕头,12,0,2020-01-31,0,广东省,0
佛山,32,0,2020-01-31,0,广东省,0
韶关,4,0,2020-01-31,0,广东省,0
河源,1,0,2020-01-31,0,广东省,0
梅州,5,0,2020-01-31,0,广东省,0
惠州,17,0,2020-01-31,0,广东省,0
汕尾,3,0,2020-01-31,0,广东省,0
东莞,16,0,2020-01-31,0,广东省,0
中山,18,0,2020-01-31,0,广东省,0
江门,1,0,2020-01-31,0,广东省,0
阳江,10,0,2020-01-31,0,广东省,0
湛江,11,0,2020-01-31,0,广东省,0
茂名,3,0,2020-01-31,0,广东省,0
肇庆,6,0,2020-01-31,0,广东省,0
清远,6,0,2020-01-31,0,广东省,0
揭阳,6,0,2020-01-31,0,广东省,0
沧州,19,0,2020-01-31,0,河北,2
石家庄,12,0,2020-01-31,0,河北,2
廊坊,11,0,2020-01-31,0,河北,0
保定,11,0,2020-01-31,0,河北,0
张家口,8,0,2020-01-31,0,河北,1
邯郸,10,0,2020-01-31,0,河北,1
邢台,10,0,2020-01-31,0,河北,0
衡水,4,0,2020-01-31,0,河北,1
唐山,8,0,2020-01-31,0,河北,0
承德,2,0,2020-01-31,0,河北,0
秦皇岛,1,0,2020-01-31,0,河北,0
武汉,3215,0,2020-01-31,106,湖北省,0
黄石,209,0,2020-01-31,0,湖北省,0
十堰,177,0,2020-01-31,0,湖北省,0
襄阳,347,0,2020-01-31,0,湖北省,0
宜昌,276,0,2020-01-31,0,湖北省,0
荆州,287,0,2020-01-31,2,湖北省,0
荆门,251,0,2020-01-31,0,湖北省,0
鄂州,227,0,2020-01-31,0,湖北省,0
孝感,628,0,2020-01-31,2,湖北省,0
黄冈,726,0,2020-01-31,17,湖北省,0
咸宁,206,0,2020-01-31,1,湖北省,0
随州,304,0,2020-01-31,0,湖北省,0
恩施州,87,0,2020-01-31,1,湖北省,0
仙桃,97,0,2020-01-31,0,湖北省,0
天门,82,0,2020-01-31,0,湖北省,0
潜江,27,0,2020-01-31,0,湖北省,0
神农架林区,7,0,2020-01-31,0,湖北省,0
南昌,83,0,2020-01-31,1,江西省,0
九江,43,0,2020-01-31,0,江西省,0
新余,40,0,2020-01-31,2,江西省,0
赣州,30,0,2020-01-31,1,江西省,0
宜春,29,0,2020-01-31,1,江西省,0
抚州,18,0,2020-01-31,0,江西省,0
上饶,16,0,2020-01-31,1,江西省,0
吉安,11,0,2020-01-31,1,江西省,0
萍乡,9,0,2020-01-31,1,江西省,0
鹰潭,4,0,2020-01-31,0,江西省,0
景德镇,3,0,2020-01-31,1,江西省,0
呼和浩特,2,0,2020-01-31,0,内蒙古,0
包头,3,0,2020-01-31,0,内蒙古,0
呼伦贝尔,2,0,2020-01-31,0,内蒙古,0
兴安盟,1,0,2020-01-31,0,内蒙古,0
通辽,1,0,2020-01-31,0,内蒙古,0
赤峰,2,0,2020-01-31,0,内蒙古,0
锡林郭勒盟,2,0,2020-01-31,0,内蒙古,0
乌兰察布,2,0,2020-01-31,0,内蒙古,0
鄂尔多斯,5,0,2020-01-31,0,内蒙古,0
巴彦淖尔,3,0,2020-01-31,0,内蒙古,0
济南,18,0,2020-01-31,0,山东省,0
青岛,21,0,2020-01-31,0,山东省,0
淄博,10,0,2020-01-31,0,山东省,0
枣庄,11,0,2020-01-31,0,山东省,0
烟台,20,0,2020-01-31,0,山东省,0
潍坊,9,0,2020-01-31,0,山东省,0
济宁,10,0,2020-01-31,0,山东省,0
泰安,5,0,2020-01-31,0,山东省,0
威海,24,0,2020-01-31,0,山东省,0
日照,10,0,2020-01-31,0,山东省,0
临沂,23,0,2020-01-31,0,山东省,0
德州,17,0,2020-01-31,0,山东省,0
聊城,7,0,2020-01-31,0,山东省,0
滨州,9,0,2020-01-31,0,山东省,0
菏泽,8,0,2020-01-31,0,山东省,0
晋中,11,1,2020-01-31,0,山西省,0
运城,10,0,2020-01-31,0,山西省,0
大同,6,0,2020-01-31,0,山西省,0
吕梁,5,0,2020-01-31,0,山西省,1
太原,4,0,2020-01-31,1,山西省,0
朔州,3,0,2020-01-31,0,山西省,0
长治,3,0,2020-01-31,0,山西省,0
晋城,2,0,2020-01-31,0,山西省,0
析州,1,0,2020-01-31,0,山西省,0
阳泉,1,0,2020-01-31,0,山西省,0
临汾,1,0,2020-01-31,0,山西省,0
河北,8,0,2020-01-31,0,天津市,0
河东,5,0,2020-01-31,0,天津市,0
河西,3,0,2020-01-31,0,天津市,0
和平,3,0,2020-01-31,0,天津市,0
南开,2,0,2020-01-31,0,天津市,0
西青,2,0,2020-01-31,0,天津市,0
红桥,2,0,2020-01-31,0,天津市,0
滨海新区,2,0,2020-01-31,0,天津市,0
宁河,1,0,2020-01-31,0,天津市,0
外地来津,4,0,2020-01-31,0,天津市,0
澳门,7,0,2020-01-31,0,澳门,0
福州,39,0,2020-01-31,0,福建省,0
厦门,17,0,2020-01-31,0,福建省,0
漳州,11,0,2020-01-31,0,福建省,0
泉州,24,0,2020-01-31,0,福建省,0
三明,10,0,2020-01-31,0,福建省,0
莆田,25,0,2020-01-31,0,福建省,0
南平,8,0,2020-01-31,0,福建省,0
龙岩,1,0,2020-01-31,0,福建省,0
宁德,9,0,2020-01-31,0,福建省,0
南宁,16,0,2020-01-31,0,广西,0
柳州,12,0,2020-01-31,0,广西,0
桂林,21,0,2020-01-31,0,广西,0
梧州,5,0,2020-01-31,1,广西,0
北海,23,0,2020-01-31,0,广西,0
防城港,8,0,2020-01-31,1,广西,0
钦州,1,0,2020-01-31,0,广西,0
玉林,5,0,2020-01-31,0,广西,0
百色,2,0,2020-01-31,0,广西,0
河池,6,0,2020-01-31,0,广西,0
贺州,1,0,2020-01-31,0,广西,0
哈尔滨,25,0,2020-01-31,0,黑龙江省,0
齐齐哈尔,3,0,2020-01-31,0,黑龙江省,0
牡丹江,6,0,2020-01-31,0,黑龙江省,0
佳木斯,11,0,2020-01-31,0,黑龙江省,0
大庆,8,0,2020-01-31,0,黑龙江省,0
鸡西,4,0,2020-01-31,0,黑龙江省,0
双鸭山,2,0,2020-01-31,0,黑龙江省,0
七台河,5,0,2020-01-31,0,黑龙江省,0
鹤岗,1,0,2020-01-31,0,黑龙江省,0
绥化,13,0,2020-01-31,0,黑龙江省,0
大兴安岭地,2,0,2020-01-31,0,黑龙江省,0
长沙,86,0,2020-01-31,0,湖南省,5
衡阳,26,0,2020-01-31,0,湖南省,0
株洲,22,0,2020-01-31,0,湖南省,3
湘潭,13,0,2020-01-31,0,湖南省,1
邵阳,41,0,2020-01-31,0,湖南省,5
岳阳,45,0,2020-01-31,0,湖南省,2
常德,39,0,2020-01-31,0,湖南省,3
张家界,2,0,2020-01-31,0,湖南省,0
益阳,24,0,2020-01-31,0,湖南省,3
郴州,13,0,2020-01-31,0,湖南省,0
永州,18,0,2020-01-31,0,湖南省,2
怀化,28,0,2020-01-31,0,湖南省,9
娄底,26,0,2020-01-31,0,湖南省,1
湘西自治州,6,0,2020-01-31,0,湖南省,1
长春,6,0,2020-01-31,0,吉林省,0
吉林,3,0,2020-01-31,0,吉林省,0
延边,2,0,2020-01-31,0,吉林省,0
松原,2,0,2020-01-31,0,吉林省,0
通化,1,0,2020-01-31,0,吉林省,0
四平,1,0,2020-01-31,0,吉林省,0
公主岭,1,0,2020-01-31,0,吉林省,0
银川,15,0,2020-01-31,0,宁夏,0
吴忠,6,0,2020-01-31,0,宁夏,0
固原,2,0,2020-01-31,0,宁夏,0
中卫,2,0,2020-01-31,0,宁夏,0
宁东管委会,1,0,2020-01-31,0,宁夏,0
外地来沪,68,0,2020-01-31,0,上海市,0
浦东,27,0,2020-01-31,0,上海市,0
静安,8,0,2020-01-31,0,上海市,0
闵行,7,0,2020-01-31,0,上海市,0
长宁,6,0,2020-01-31,0,上海市,0
黄浦,5,0,2020-01-31,0,上海市,0
徐汇,5,0,2020-01-31,0,上海市,0
虹口,5,0,2020-01-31,0,上海市,0
宝山,5,0,2020-01-31,0,上海市,0
奉贤,5,0,2020-01-31,0,上海市,0
松江,3,0,2020-01-31,0,上海市,0
普陀,2,0,2020-01-31,0,上海市,0
杨浦,2,0,2020-01-31,0,上海市,0
嘉定,2,0,2020-01-31,0,上海市,0
青浦,2,0,2020-01-31,0,上海市,0
金山,1,0,2020-01-31,0,上海市,0
成都,72,0,2020-01-31,0,四川省,0
南充,16,0,2020-01-31,0,四川省,0
广安,16,0,2020-01-31,0,四川省,0
绵阳,12,0,2020-01-31,0,四川省,0
内江,10,0,2020-01-31,0,四川省,0
自贡,9,0,2020-01-31,0,四川省,0
达州,9,0,2020-01-31,0,四川省,0
巴中,8,0,2020-01-31,0,四川省,0
攀枝花,7,0,2020-01-31,0,四川省,0
德阳,7,0,2020-01-31,0,四川省,0
宜宾,7,0,2020-01-31,0,四川省,0
泸州,5,0,2020-01-31,0,四川省,0
遂宁,5,0,2020-01-31,0,四川省,0
雅安,5,0,2020-01-31,0,四川省,0
甘孜州,5,0,2020-01-31,0,四川省,0
凉山州,5,0,2020-01-31,0,四川省,0
广元,2,0,2020-01-31,0,四川省,0
乐山,2,0,2020-01-31,0,四川省,0
眉山,2,0,2020-01-31,0,四川省,0
资阳,2,0,2020-01-31,0,四川省,0
阿坝州,1,0,2020-01-31,0,四川省,0
昆明,30,0,2020-01-31,0,云南省,0
西双版纳州,12,0,2020-01-31,0,云南省,0
玉溪,7,0,2020-01-31,0,云南省,0
保山,7,0,2020-01-31,0,云南省,0
昭通,6,0,2020-01-31,0,云南省,0
大理州,6,0,2020-01-31,0,云南省,0
丽江,6,0,2020-01-31,0,云南省,0
曲靖,5,0,2020-01-31,0,云南省,0
红河州,4,0,2020-01-31,0,云南省,0
普洱,4,0,2020-01-31,0,云南省,0
德宏州,3,0,2020-01-31,0,云南省,0
临沧,1,0,2020-01-31,0,云南省,0
东城,3,0,2020-01-31,0,北京市,0
西城,17,0,2020-01-31,0,北京市,0
朝阳,27,0,2020-01-31,0,北京市,0
海淀,35,0,2020-01-31,0,北京市,0
丰台,12,0,2020-01-31,0,北京市,0
石景山,3,0,2020-01-31,0,北京市,0
门头沟,1,0,2020-01-31,0,北京市,0
通州,13,0,2020-01-31,0,北京市,0
顺义,2,0,2020-01-31,0,北京市,0
大兴,19,0,2020-01-31,0,北京市,0
昌平,12,0,2020-01-31,0,北京市,0
外地来京人员,11,0,2020-01-31,0,北京市,0
兰州,20,1,2020-01-31,0,甘肃省,5
白银,1,0,2020-01-31,0,甘肃省,0
临夏州,2,0,2020-01-31,0,甘肃省,0
定西,2,0,2020-01-31,0,甘肃省,0
张掖,2,0,2020-01-31,0,甘肃省,0
陇南,3,0,2020-01-31,0,甘肃省,0
金昌,1,0,2020-01-31,0,甘肃省,0
天水,3,0,2020-01-31,0,甘肃省,0
平凉,1,0,2020-01-31,0,甘肃省,0
贵阳,4,0,2020-01-31,1,贵州省,0
遵义,4,0,2020-01-31,0,贵州省,0
六盘水,8,0,2020-01-31,0,贵州省,0
毕节,3,0,2020-01-31,0,贵州省,0
铜仁,3,0,2020-01-31,1,贵州省,0
黔东南州,2,0,2020-01-31,0,贵州省,0
黔南州,4,0,2020-01-31,0,贵州省,0
黔西南州,1,0,2020-01-31,0,贵州省,0
郑州,56,0,2020-01-31,0,河南省,0
开封,8,0,2020-01-31,0,河南省,0
洛阳,5,0,2020-01-31,0,河南省,0
平顶山,11,0,2020-01-31,0,河南省,0
安阳,24,0,2020-01-31,0,河南省,0
鹤壁,6,0,2020-01-31,0,河南省,0
新乡,21,0,2020-01-31,0,河南省,0
焦作,2,0,2020-01-31,0,河南省,0
濮阳,3,0,2020-01-31,0,河南省,0
许昌,12,0,2020-01-31,0,河南省,0
漯河,14,0,2020-01-31,0,河南省,0
三门峡,7,0,2020-01-31,0,河南省,0
南阳,66,0,2020-01-31,0,河南省,0
商丘,29,0,2020-01-31,0,河南省,0
周口,38,0,2020-01-31,0,河南省,0
信阳,70,0,2020-01-31,0,河南省,0
驻马店,40,0,2020-01-31,0,河南省,0
滑,1,0,2020-01-31,0,河南省,0
长垣,2,0,2020-01-31,0,河南省,0
永城,7,0,2020-01-31,0,河南省,0
南京,28,0,2020-01-31,2,江苏省,0
无锡,13,0,2020-01-31,0,江苏省,0
徐州,23,0,2020-01-31,0,江苏省,0
常州,14,0,2020-01-31,0,江苏省,0
苏州,34,0,2020-01-31,2,江苏省,1
南通,12,0,2020-01-31,0,江苏省,0
连云港,13,0,2020-01-31,1,江苏省,0
淮安,12,0,2020-01-31,0,江苏省,0
盐城,13,0,2020-01-31,0,江苏省,0
扬州,13,0,2020-01-31,0,江苏省,0
镇江,2,0,2020-01-31,0,江苏省,1
泰州,17,0,2020-01-31,0,江苏省,0
宿迁,8,0,2020-01-31,0,江苏省,0
沈阳,13,0,2020-01-31,0,辽宁省,0
大连,8,0,2020-01-31,1,辽宁省,0
鞍山,1,0,2020-01-31,0,辽宁省,0
本溪,3,0,2020-01-31,0,辽宁省,0
丹东,5,0,2020-01-31,0,辽宁省,0
锦州,7,0,2020-01-31,0,辽宁省,0
营口,1,0,2020-01-31,0,辽宁省,0
阜新,1,0,2020-01-31,0,辽宁省,0
辽阳,1,0,2020-01-31,0,辽宁省,0
铁岭,2,0,2020-01-31,0,辽宁省,0
朝阳,6,0,2020-01-31,0,辽宁省,0
盘锦,7,0,2020-01-31,0,辽宁省,0
葫芦岛,5,0,2020-01-31,0,辽宁省,0
西宁,9,0,2020-01-31,0,青海省,0
西安,39,0,2020-01-31,0,陕西省,0
宝鸡,6,0,2020-01-31,0,陕西省,0
咸阳,8,0,2020-01-31,0,陕西省,0
铜川,5,0,2020-01-31,0,陕西省,0
渭南,5,0,2020-01-31,0,陕西省,0
延安,7,0,2020-01-31,0,陕西省,0
榆林,1,0,2020-01-31,0,陕西省,0
汉中,13,0,2020-01-31,0,陕西省,0
安康,14,0,2020-01-31,0,陕西省,0
商洛,2,0,2020-01-31,0,陕西省,0
韩城,1,0,2020-01-31,0,陕西省,0
乌鲁木齐,8,1,2020-01-31,0,新疆,2
伊犁州,5,0,2020-01-31,0,新疆,2
吐鲁番,1,0,2020-01-31,0,新疆,0
阿克苏地,1,0,2020-01-31,0,新疆,0
兵团第七师,1,0,2020-01-31,0,新疆,0
兵团第八师石河子,1,0,2020-01-31,0,新疆,0
兵团第九师,1,0,2020-01-31,0,新疆,0
杭州,98,0,2020-01-31,0,浙江省,9
宁波,55,0,2020-01-31,1,浙江省,1
温州,241,0,2020-01-31,8,浙江省,18
湖州,6,0,2020-01-31,0,浙江省,0
嘉兴,18,0,2020-01-31,0,浙江省,2
绍兴,24,0,2020-01-31,0,浙江省,5
金华,34,0,2020-01-31,3,浙江省,5
衢州,13,0,2020-01-31,0,浙江省,3
舟山,7,0,2020-01-31,1,浙江省,0
台州,95,0,2020-01-31,1,浙江省,6
丽水,8,0,2020-01-31,1,浙江省,2
合肥,50,0,2020-01-30,0,安徽省,0
淮北,2,0,2020-01-30,0,安徽省,0
亳州,20,0,2020-01-30,0,安徽省,0
宿州,10,0,2020-01-30,0,安徽省,0
蚌埠,15,0,2020-01-30,0,安徽省,0
阜阳,38,0,2020-01-30,0,安徽省,0
淮南,6,0,2020-01-30,0,安徽省,0
滁州,4,0,2020-01-30,0,安徽省,0
六安,9,0,2020-01-30,0,安徽省,0
马鞍山,14,0,2020-01-30,0,安徽省,0
芜湖,14,0,2020-01-30,0,安徽省,0
宣城,4,0,2020-01-30,0,安徽省,0
铜陵,14,0,2020-01-30,0,安徽省,0
池州,4,0,2020-01-30,0,安徽省,0
安庆,18,0,2020-01-30,0,安徽省,0
黄山,9,0,2020-01-30,0,安徽省,0
宿松,6,0,2020-01-30,0,安徽省,0
万州,28,1,2020-01-30,0,重庆市,2
黔江,2,0,2020-01-30,0,重庆市,0
涪陵,1,0,2020-01-30,0,重庆市,0
渝中,5,0,2020-01-30,0,重庆市,0
大渡口,6,0,2020-01-30,0,重庆市,2
江北,8,1,2020-01-30,0,重庆市,1
九龙坡,8,1,2020-01-30,0,重庆市,0
南岸,3,0,2020-01-30,0,重庆市,0
渝北,10,0,2020-01-30,0,重庆市,1
巴南,1,0,2020-01-30,0,重庆市,0
长寿,8,0,2020-01-30,0,重庆市,3
江津,3,0,2020-01-30,0,重庆市,1
合川,6,0,2020-01-30,0,重庆市,0
永川,3,0,2020-01-30,0,重庆市,0
綦江,4,0,2020-01-30,0,重庆市,1
大足,4,0,2020-01-30,0,重庆市,0
璧山,6,0,2020-01-30,0,重庆市,2
铜梁,2,1,2020-01-30,0,重庆市,0
潼南,2,0,2020-01-30,0,重庆市,0
荣昌,1,0,2020-01-30,0,重庆市,0
开州,16,0,2020-01-30,0,重庆市,0
梁平,2,0,2020-01-30,0,重庆市,0
武隆,1,0,2020-01-30,0,重庆市,0
城口,1,0,2020-01-30,0,重庆市,0
丰都,3,0,2020-01-30,0,重庆市,1
垫江,8,0,2020-01-30,0,重庆市,1
忠,12,0,2020-01-30,0,重庆市,1
云阳,15,0,2020-01-30,0,重庆市,1
奉节,5,0,2020-01-30,0,重庆市,1
巫山,6,0,2020-01-30,0,重庆市,0
巫溪,9,0,2020-01-30,0,重庆市,0
石柱,7,0,2020-01-30,0,重庆市,0
秀山,1,0,2020-01-30,0,重庆市,0
两江新区,9,0,2020-01-30,0,重庆市,0
广州,106,0,2020-01-30,0,广东省,0
深圳,110,0,2020-01-30,0,广东省,0
珠海,26,0,2020-01-30,0,广东省,0
汕头,12,0,2020-01-30,0,广东省,0
佛山,32,0,2020-01-30,0,广东省,0
韶关,4,0,2020-01-30,0,广东省,0
河源,1,0,2020-01-30,0,广东省,0
梅州,5,0,2020-01-30,0,广东省,0
惠州,17,0,2020-01-30,0,广东省,0
汕尾,3,0,2020-01-30,0,广东省,0
东莞,16,0,2020-01-30,0,广东省,0
中山,18,0,2020-01-30,0,广东省,0
江门,1,0,2020-01-30,0,广东省,0
阳江,10,0,2020-01-30,0,广东省,0
湛江,11,0,2020-01-30,0,广东省,0
茂名,3,0,2020-01-30,0,广东省,0
肇庆,6,0,2020-01-30,0,广东省,0
清远,6,0,2020-01-30,0,广东省,0
揭阳,6,0,2020-01-30,0,广东省,0
海口,9,0,2020-01-30,0,海南省,0
三亚,14,0,2020-01-30,0,海南省,0
儋州,5,0,2020-01-30,0,海南省,0
琼海,4,0,2020-01-30,0,海南省,0
万宁,8,0,2020-01-30,0,海南省,0
东方,1,0,2020-01-30,0,海南省,0
澄迈,2,0,2020-01-30,0,海南省,0
临高,1,0,2020-01-30,0,海南省,0
陵水,2,0,2020-01-30,0,海南省,0
琼中,1,0,2020-01-30,0,海南省,0
定安,1,0,2020-01-30,0,海南省,0
昌江,1,0,2020-01-30,0,海南省,0
郑州,50,0,2020-01-30,0,河南省,0
开封,6,0,2020-01-30,0,河南省,0
洛阳,3,0,2020-01-30,0,河南省,0
平顶山,10,0,2020-01-30,0,河南省,0
安阳,20,0,2020-01-30,0,河南省,0
鹤壁,6,0,2020-01-30,0,河南省,0
新乡,15,0,2020-01-30,0,河南省,0
焦作,2,0,2020-01-30,0,河南省,0
濮阳,3,0,2020-01-30,0,河南省,0
许昌,8,0,2020-01-30,0,河南省,0
漯河,13,0,2020-01-30,0,河南省,0
三门峡,6,0,2020-01-30,0,河南省,0
南阳,61,0,2020-01-30,0,河南省,0
商丘,27,0,2020-01-30,0,河南省,0
信阳,49,0,2020-01-30,0,河南省,0
周口,36,0,2020-01-30,0,河南省,0
驻马店,30,0,2020-01-30,0,河南省,0
滑,1,0,2020-01-30,0,河南省,0
长垣,2,0,2020-01-30,0,河南省,0
永城,4,0,2020-01-30,0,河南省,0
南京,25,0,2020-01-30,0,江苏省,0
无锡,12,0,2020-01-30,0,江苏省,0
徐州,20,0,2020-01-30,0,江苏省,0
常州,13,0,2020-01-30,0,江苏省,0
苏州,32,0,2020-01-30,0,江苏省,1
南通,10,0,2020-01-30,0,江苏省,0
连云港,9,0,2020-01-30,0,江苏省,0
淮安,10,0,2020-01-30,0,江苏省,0
盐城,8,0,2020-01-30,0,江苏省,0
扬州,8,0,2020-01-30,0,江苏省,0
镇江,2,0,2020-01-30,0,江苏省,1
泰州,12,0,2020-01-30,0,江苏省,0
宿迁,7,0,2020-01-30,0,江苏省,0
沈阳,10,0,2020-01-30,0,辽宁省,0
大连,7,0,2020-01-30,0,辽宁省,0
本溪,3,0,2020-01-30,0,辽宁省,0
丹东,5,0,2020-01-30,0,辽宁省,0
锦州,4,0,2020-01-30,0,辽宁省,0
营口,1,0,2020-01-30,0,辽宁省,0
辽阳,1,0,2020-01-30,0,辽宁省,0
铁岭,2,0,2020-01-30,0,辽宁省,0
朝阳,5,0,2020-01-30,0,辽宁省,0
盘锦,3,0,2020-01-30,0,辽宁省,0
葫芦岛,4,0,2020-01-30,0,辽宁省,0
晋中,9,0,2020-01-30,0,山西省,1
运城,8,0,2020-01-30,0,山西省,0
吕梁,5,0,2020-01-30,0,山西省,1
大同,5,0,2020-01-30,0,山西省,0
太原,4,0,2020-01-30,0,山西省,0
朔州,3,0,2020-01-30,0,山西省,0
长治,3,0,2020-01-30,0,山西省,0
阳泉,1,0,2020-01-30,0,山西省,0
临汾,1,0,2020-01-30,0,山西省,0
乌鲁木齐,8,0,2020-01-30,0,新疆,1
伊犁州,5,0,2020-01-30,0,新疆,1
吐鲁番,1,0,2020-01-30,0,新疆,0
阿克苏地,1,0,2020-01-30,0,新疆,0
兵团第七师,1,0,2020-01-30,0,新疆,0
兵团第八师石河子,1,0,2020-01-30,0,新疆,0
福州,32,0,2020-01-30,0,福建省,0
厦门,13,0,2020-01-30,0,福建省,0
漳州,8,0,2020-01-30,0,福建省,0
泉州,22,0,2020-01-30,0,福建省,0
三明,10,0,2020-01-30,0,福建省,0
莆田,22,0,2020-01-30,0,福建省,0
南平,3,0,2020-01-30,0,福建省,0
龙岩,1,0,2020-01-30,0,福建省,0
宁德,9,0,2020-01-30,0,福建省,0
南宁,16,0,2020-01-30,0,广西,0
柳州,11,0,2020-01-30,0,广西,0
桂林,18,0,2020-01-30,0,广西,0
梧州,4,0,2020-01-30,0,广西,0
北海,17,0,2020-01-30,0,广西,0
防城港,7,0,2020-01-30,0,广西,0
玉林,4,0,2020-01-30,0,广西,0
百色,2,0,2020-01-30,0,广西,0
河池,6,0,2020-01-30,0,广西,0
钦州,1,0,2020-01-30,0,广西,0
贺州,1,0,2020-01-30,0,广西,0
沧州,18,0,2020-01-30,0,河北省,2
石家庄,11,0,2020-01-30,0,河北省,2
保定,11,0,2020-01-30,0,河北省,0
廊坊,9,0,2020-01-30,0,河北省,0
邯郸,7,0,2020-01-30,0,河北省,1
邢台,7,0,2020-01-30,0,河北省,0
唐山,7,0,2020-01-30,0,河北省,0
张家口,6,0,2020-01-30,0,河北省,1
衡水,4,0,2020-01-30,0,河北省,1
承德,2,0,2020-01-30,0,河北省,0
武汉,2639,0,2020-01-30,0,湖北省,0
黄石,168,0,2020-01-30,0,湖北省,0
十堰,150,0,2020-01-30,0,湖北省,0
襄阳,286,0,2020-01-30,0,湖北省,0
宜昌,167,0,2020-01-30,0,湖北省,0
荆州,221,0,2020-01-30,0,湖北省,0
荆门,227,0,2020-01-30,0,湖北省,0
鄂州,189,0,2020-01-30,0,湖北省,0
孝感,541,0,2020-01-30,0,湖北省,0
黄冈,573,0,2020-01-30,0,湖北省,0
咸宁,166,0,2020-01-30,0,湖北省,0
随州,228,0,2020-01-30,0,湖北省,0
恩施州,75,0,2020-01-30,0,湖北省,0
仙桃,90,0,2020-01-30,0,湖北省,0
天门,67,0,2020-01-30,0,湖北省,0
潜江,12,0,2020-01-30,0,湖北省,0
神农架林区,7,0,2020-01-30,0,湖北省,0
南昌,67,0,2020-01-30,1,江西省,0
九江,42,0,2020-01-30,0,江西省,0
新余,28,0,2020-01-30,2,江西省,0
赣州,27,0,2020-01-30,0,江西省,0
宜春,26,0,2020-01-30,0,江西省,0
抚州,15,0,2020-01-30,0,江西省,0
上饶,12,0,2020-01-30,1,江西省,0
萍乡,8,0,2020-01-30,1,江西省,0
吉安,8,0,2020-01-30,1,江西省,0
鹰潭,4,0,2020-01-30,0,江西省,0
景德镇,3,0,2020-01-30,1,江西省,0
呼和浩特,2,0,2020-01-30,0,内蒙古,0
包头,3,0,2020-01-30,0,内蒙古,0
呼伦贝尔,2,0,2020-01-30,0,内蒙古,0
兴安盟乌兰浩特,1,0,2020-01-30,0,内蒙古,0
通辽,1,0,2020-01-30,0,内蒙古,0
赤峰,2,0,2020-01-30,0,内蒙古,0
锡林郭勒盟,2,0,2020-01-30,0,内蒙古,0
乌兰察布,2,0,2020-01-30,0,内蒙古,0
鄂尔多斯,3,0,2020-01-30,0,内蒙古,0
巴彦淖尔,2,0,2020-01-30,0,内蒙古,0
昆明,24,0,2020-01-30,0,云南省,0
丽江,6,0,2020-01-30,0,云南省,0
德宏州,3,0,2020-01-30,0,云南省,0
保山,6,0,2020-01-30,0,云南省,0
曲靖,5,0,2020-01-30,0,云南省,0
玉溪,6,0,2020-01-30,0,云南省,0
红河州,4,0,2020-01-30,0,云南省,0
西双版纳州,12,0,2020-01-30,0,云南省,0
大理州,6,0,2020-01-30,0,云南省,0
昭通,4,0,2020-01-30,0,云南省,0
普洱,4,0,2020-01-30,0,云南省,0
东城,3,0,2020-01-30,0,北京市,0
西城,13,0,2020-01-30,0,北京市,0
朝阳,22,0,2020-01-30,0,北京市,0
海淀,26,0,2020-01-30,0,北京市,0
丰台,11,0,2020-01-30,0,北京市,0
石景山,2,0,2020-01-30,0,北京市,0
门头沟,1,0,2020-01-30,0,北京市,0
通州,12,0,2020-01-30,0,北京市,0
顺义,2,0,2020-01-30,0,北京市,0
大兴,16,0,2020-01-30,0,北京市,0
昌平,12,0,2020-01-30,0,北京市,0
怀柔,1,0,2020-01-30,0,北京市,0
其他,11,0,2020-01-30,0,北京市,0
兰州,15,0,2020-01-30,0,甘肃省,3
白银,1,0,2020-01-30,0,甘肃省,0
临夏州,2,0,2020-01-30,0,甘肃省,0
定西,2,0,2020-01-30,0,甘肃省,0
张掖,2,0,2020-01-30,0,甘肃省,0
陇南,3,0,2020-01-30,0,甘肃省,0
金昌,1,0,2020-01-30,0,甘肃省,0
天水,2,0,2020-01-30,0,甘肃省,0
平凉,2,0,2020-01-30,0,甘肃省,0
贵阳,1,0,2020-01-30,0,贵州省,0
遵义,1,0,2020-01-30,0,贵州省,0
六盘水,4,0,2020-01-30,0,贵州省,0
毕节,1,0,2020-01-30,0,贵州省,0
铜仁,2,0,2020-01-30,0,贵州省,0
黔东南州,1,0,2020-01-30,0,贵州省,0
黔南州,4,0,2020-01-30,0,贵州省,0
黔西南州,1,0,2020-01-30,0,贵州省,0
哈尔滨,18,0,2020-01-30,0,黑龙江省,0
齐齐哈尔,3,0,2020-01-30,0,黑龙江省,0
牡丹江,2,0,2020-01-30,0,黑龙江省,0
佳木斯,8,0,2020-01-30,0,黑龙江省,0
大庆,7,0,2020-01-30,0,黑龙江省,0
鸡西,2,0,2020-01-30,0,黑龙江省,0
双鸭山,1,0,2020-01-30,0,黑龙江省,0
七台河,3,0,2020-01-30,0,黑龙江省,0
鹤岗,1,0,2020-01-30,0,黑龙江省,0
绥化,12,0,2020-01-30,0,黑龙江省,0
大兴安岭地,2,0,2020-01-30,0,黑龙江省,0
长沙,68,0,2020-01-30,0,湖南省,6
衡阳,25,0,2020-01-30,0,湖南省,1
株洲,19,0,2020-01-30,0,湖南省,3
湘潭,10,0,2020-01-30,0,湖南省,0
邵阳,36,0,2020-01-30,0,湖南省,5
岳阳,37,0,2020-01-30,0,湖南省,2
常德,37,0,2020-01-30,0,湖南省,3
张家界,1,0,2020-01-30,0,湖南省,0
益阳,20,0,2020-01-30,0,湖南省,3
郴州,12,0,2020-01-30,0,湖南省,0
永州,16,0,2020-01-30,0,湖南省,2
怀化,26,0,2020-01-30,0,湖南省,7
娄底,20,0,2020-01-30,0,湖南省,1
湘西自治州,5,0,2020-01-30,0,湖南省,1
长春,3,0,2020-01-30,0,吉林省,0
吉林,3,0,2020-01-30,0,吉林省,0
松原,2,0,2020-01-30,0,吉林省,0
四平,1,0,2020-01-30,0,吉林省,0
公主岭,1,0,2020-01-30,0,吉林省,0
通化,1,0,2020-01-30,0,吉林省,0
延边州,2,0,2020-01-30,0,吉林省,0
银川,11,0,2020-01-30,0,宁夏,0
吴忠,5,0,2020-01-30,0,宁夏,0
固原,2,0,2020-01-30,0,宁夏,0
中卫,2,0,2020-01-30,0,宁夏,0
灵武,1,0,2020-01-30,0,宁夏,0
浦东,22,0,2020-01-30,0,上海市,0
长宁,6,0,2020-01-30,0,上海市,0
静安,8,0,2020-01-30,0,上海市,0
徐汇,5,0,2020-01-30,0,上海市,0
虹口,4,0,2020-01-30,0,上海市,0
闵行,5,0,2020-01-30,0,上海市,0
青浦,2,0,2020-01-30,0,上海市,0
杨浦,1,0,2020-01-30,0,上海市,0
金山,1,0,2020-01-30,0,上海市,0
黄埔,4,0,2020-01-30,0,上海市,0
松江,3,0,2020-01-30,0,上海市,0
宝山,2,0,2020-01-30,0,上海市,0
嘉定,2,0,2020-01-30,0,上海市,0
奉贤,5,0,2020-01-30,0,上海市,0
其他,58,0,2020-01-30,0,上海市,0
成都,69,0,2020-01-30,0,四川省,0
广安,13,0,2020-01-30,0,四川省,0
绵阳,11,0,2020-01-30,0,四川省,0
南充,11,0,2020-01-30,0,四川省,0
自贡,9,0,2020-01-30,0,四川省,0
达州,8,0,2020-01-30,0,四川省,0
德阳,7,0,2020-01-30,0,四川省,0
宜宾,7,0,2020-01-30,0,四川省,0
内江,6,0,2020-01-30,0,四川省,0
泸州,5,0,2020-01-30,0,四川省,0
遂宁,5,0,2020-01-30,0,四川省,0
巴中,5,0,2020-01-30,0,四川省,0
甘孜州,5,0,2020-01-30,0,四川省,0
雅安,3,0,2020-01-30,0,四川省,0
凉山州,3,0,2020-01-30,0,四川省,0
广元,2,0,2020-01-30,0,四川省,0
乐山,2,0,2020-01-30,0,四川省,0
眉山,2,0,2020-01-30,0,四川省,0
资阳,2,0,2020-01-30,0,四川省,0
攀枝花,1,0,2020-01-30,0,四川省,0
阿坝州,1,0,2020-01-30,0,四川省,0
杭州,85,0,2020-01-30,0,浙江省,11
宁波,46,0,2020-01-30,0,浙江省,1
温州,227,0,2020-01-30,7,浙江省,14
湖州,6,0,2020-01-30,0,浙江省,0
嘉兴,16,0,2020-01-30,0,浙江省,5
绍兴,23,0,2020-01-30,0,浙江省,5
金华,27,0,2020-01-30,0,浙江省,5
衢州,12,0,2020-01-30,0,浙江省,1
舟山,7,0,2020-01-30,1,浙江省,0
台州,81,0,2020-01-30,0,浙江省,6
丽水,7,0,2020-01-30,1,浙江省,2
合肥,39,0,2020-01-29,1,安徽省,0
淮北,2,0,2020-01-29,0,安徽省,0
亳州,20,0,2020-01-29,0,安徽省,0
宿州,10,0,2020-01-29,0,安徽省,0
蚌埠,8,0,2020-01-29,0,安徽省,0
阜阳,28,0,2020-01-29,0,安徽省,0
淮南,6,0,2020-01-29,0,安徽省,0
滁州,4,0,2020-01-29,0,安徽省,0
六安,8,0,2020-01-29,0,安徽省,0
马鞍山,14,0,2020-01-29,0,安徽省,0
芜湖,14,0,2020-01-29,0,安徽省,0
宣城,4,0,2020-01-29,0,安徽省,0
铜陵,10,0,2020-01-29,0,安徽省,0
池州,2,0,2020-01-29,0,安徽省,0
安庆,18,0,2020-01-29,0,安徽省,0
黄山,7,0,2020-01-29,0,安徽省,0
宿松,6,0,2020-01-29,0,安徽省,0
万州,24,1,2020-01-29,0,重庆市,3
黔江,1,0,2020-01-29,0,重庆市,0
涪陵,1,0,2020-01-29,0,重庆市,0
渝中,2,0,2020-01-29,0,重庆市,0
大渡口,6,0,2020-01-29,0,重庆市,2
江北,6,1,2020-01-29,0,重庆市,1
九龙坡,5,1,2020-01-29,0,重庆市,0
南岸,2,0,2020-01-29,0,重庆市,0
渝北,7,0,2020-01-29,0,重庆市,1
巴南,1,0,2020-01-29,0,重庆市,0
长寿,7,0,2020-01-29,0,重庆市,3
江津,3,0,2020-01-29,0,重庆市,1
合川,6,0,2020-01-29,0,重庆市,0
永川,3,0,2020-01-29,0,重庆市,1
綦江,4,0,2020-01-29,0,重庆市,1
大足,2,0,2020-01-29,0,重庆市,0
璧山,4,0,2020-01-29,0,重庆市,2
铜梁,2,1,2020-01-29,0,重庆市,0
潼南,2,0,2020-01-29,0,重庆市,0
开州,13,0,2020-01-29,0,重庆市,0
梁平,1,0,2020-01-29,0,重庆市,0
武隆,1,0,2020-01-29,0,重庆市,0
城口,1,0,2020-01-29,0,重庆市,0
丰都,3,0,2020-01-29,0,重庆市,0
垫江,5,0,2020-01-29,0,重庆市,1
忠,11,0,2020-01-29,0,重庆市,1
云阳,12,0,2020-01-29,0,重庆市,1
奉节,4,0,2020-01-29,0,重庆市,0
巫山,5,0,2020-01-29,1,重庆市,0
巫溪,5,0,2020-01-29,0,重庆市,0
石柱,7,0,2020-01-29,0,重庆市,0
秀山,1,0,2020-01-29,0,重庆市,0
两江新区,8,0,2020-01-29,0,重庆市,0
深圳,86,0,2020-01-29,0,广东省,0
广州,79,0,2020-01-29,0,广东省,0
佛山,25,0,2020-01-29,0,广东省,0
珠海,18,0,2020-01-29,0,广东省,0
惠州,17,0,2020-01-29,0,广东省,0
中山,16,0,2020-01-29,0,广东省,0
汕头,12,0,2020-01-29,0,广东省,0
阳江,10,0,2020-01-29,0,广东省,0
湛江,9,0,2020-01-29,0,广东省,0
东莞,7,0,2020-01-29,0,广东省,0
清远,6,0,2020-01-29,0,广东省,0
揭阳,6,0,2020-01-29,0,广东省,0
肇庆,5,0,2020-01-29,0,广东省,0
梅州,5,0,2020-01-29,0,广东省,0
韶关,4,0,2020-01-29,0,广东省,0
茂名,3,0,2020-01-29,0,广东省,0
江门,1,0,2020-01-29,0,广东省,0
汕尾,1,0,2020-01-29,0,广东省,0
河源,1,0,2020-01-29,0,广东省,0
沧州,12,0,2020-01-29,0,河北,3
石家庄,11,0,2020-01-29,0,河北,2
廊坊,9,0,2020-01-29,0,河北,1
保定,7,0,2020-01-29,0,河北,0
张家口,6,0,2020-01-29,0,河北,1
邯郸,6,0,2020-01-29,0,河北,0
邢台,5,0,2020-01-29,0,河北,0
衡水,4,0,2020-01-29,0,河北,1
唐山,3,0,2020-01-29,0,河北,0
承德,2,0,2020-01-29,0,河北,0
武汉,2261,0,2020-01-29,0,湖北省,0
黄石,113,0,2020-01-29,0,湖北省,0
十堰,119,0,2020-01-29,0,湖北省,0
襄阳,163,0,2020-01-29,0,湖北省,0
宜昌,117,0,2020-01-29,0,湖北省,0
荆州,151,0,2020-01-29,0,湖北省,0
荆门,191,0,2020-01-29,0,湖北省,0
鄂州,123,0,2020-01-29,0,湖北省,0
孝感,399,0,2020-01-29,0,湖北省,0
黄冈,496,0,2020-01-29,0,湖北省,0
咸宁,130,0,2020-01-29,0,湖北省,0
随州,143,0,2020-01-29,0,湖北省,0
恩施州,66,0,2020-01-29,0,湖北省,0
仙桃,55,0,2020-01-29,0,湖北省,0
天门,44,0,2020-01-29,0,湖北省,0
潜江,10,0,2020-01-29,0,湖北省,0
神农架林区,5,0,2020-01-29,0,湖北省,0
南昌,46,0,2020-01-29,0,江西省,0
九江,31,0,2020-01-29,0,江西省,0
赣州,21,0,2020-01-29,0,江西省,0
宜春,14,0,2020-01-29,0,江西省,0
抚州,13,0,2020-01-29,0,江西省,0
新余,11,0,2020-01-29,1,江西省,0
上饶,11,0,2020-01-29,0,江西省,0
萍乡,5,0,2020-01-29,1,江西省,0
吉安,5,0,2020-01-29,1,江西省,0
鹰潭,3,0,2020-01-29,0,江西省,0
景德镇,2,0,2020-01-29,0,江西省,0
呼和浩特,2,0,2020-01-29,0,内蒙古自治区,0
包头,3,0,2020-01-29,0,内蒙古自治区,0
呼伦贝尔,2,0,2020-01-29,0,内蒙古自治区,0
兴安盟,1,0,2020-01-29,0,内蒙古自治区,0
通辽,1,0,2020-01-29,0,内蒙古自治区,0
锡林郭勒盟,2,0,2020-01-29,0,内蒙古自治区,0
鄂尔多斯,3,0,2020-01-29,0,内蒙古自治区,0
巴彦淖尔,2,0,2020-01-29,0,内蒙古自治区,0
济南,14,0,2020-01-29,0,山东省,0
青岛,18,0,2020-01-29,1,山东省,0
淄博,6,0,2020-01-29,0,山东省,0
枣庄,8,0,2020-01-29,0,山东省,0
烟台,13,0,2020-01-29,0,山东省,0
潍坊,7,0,2020-01-29,0,山东省,0
济宁,8,0,2020-01-29,0,山东省,0
泰安,3,0,2020-01-29,0,山东省,0
威海,14,0,2020-01-29,0,山东省,0
日照,8,0,2020-01-29,0,山东省,0
临沂,16,0,2020-01-29,0,山东省,0
德州,11,0,2020-01-29,0,山东省,0
聊城,5,0,2020-01-29,0,山东省,0
滨州,7,0,2020-01-29,0,山东省,0
菏泽,7,0,2020-01-29,0,山东省,0
晋中,9,1,2020-01-29,0,山西省,0
运城,7,0,2020-01-29,0,山西省,0
大同,4,0,2020-01-29,0,山西省,0
吕梁,4,0,2020-01-29,0,山西省,1
太原,3,0,2020-01-29,1,山西省,0
朔州,3,0,2020-01-29,0,山西省,0
长治,3,0,2020-01-29,0,山西省,0
阳泉,1,0,2020-01-29,0,山西省,0
临汾,1,0,2020-01-29,0,山西省,0
河北,7,0,2020-01-29,0,天津市,0
河东,5,0,2020-01-29,0,天津市,0
河西,3,0,2020-01-29,0,天津市,0
南开,2,0,2020-01-29,0,天津市,0
西青,2,0,2020-01-29,0,天津市,0
和平,2,0,2020-01-29,0,天津市,0
红桥,1,0,2020-01-29,0,天津市,0
滨海新区,1,0,2020-01-29,0,天津市,0
外地来津,4,0,2020-01-29,0,天津市,0
福州,30,0,2020-01-29,0,福建省,0
厦门,7,0,2020-01-29,0,福建省,0
漳州,7,0,2020-01-29,0,福建省,0
泉州,18,0,2020-01-29,0,福建省,0
三明,10,0,2020-01-29,0,福建省,0
莆田,17,0,2020-01-29,0,福建省,0
南平,3,0,2020-01-29,0,福建省,0
龙岩,1,0,2020-01-29,0,福建省,0
宁德,8,0,2020-01-29,0,福建省,0
南宁,15,0,2020-01-29,0,广西壮族自治区,0
柳州,10,0,2020-01-29,0,广西壮族自治区,1
桂林,18,2,2020-01-29,0,广西壮族自治区,3
梧州,4,0,2020-01-29,1,广西壮族自治区,0
北海,15,0,2020-01-29,0,广西壮族自治区,0
防城港,5,0,2020-01-29,1,广西壮族自治区,1
玉林,2,0,2020-01-29,0,广西壮族自治区,0
百色,2,0,2020-01-29,0,广西壮族自治区,0
河池,5,0,2020-01-29,0,广西壮族自治区,0
钦州,1,0,2020-01-29,0,广西壮族自治区,0
贺州,1,0,2020-01-29,0,广西壮族自治区,0
哈尔滨,13,0,2020-01-29,0,黑龙江省,0
齐齐哈尔,3,0,2020-01-29,0,黑龙江省,0
牡丹江,1,0,2020-01-29,0,黑龙江省,0
佳木斯,5,0,2020-01-29,0,黑龙江省,0
大庆,5,0,2020-01-29,0,黑龙江省,0
鸡西,1,0,2020-01-29,0,黑龙江省,0
双鸭山,1,0,2020-01-29,0,黑龙江省,0
七台河,2,0,2020-01-29,0,黑龙江省,0
鹤岗,1,0,2020-01-29,0,黑龙江省,0
绥化,10,0,2020-01-29,0,黑龙江省,0
大兴安岭地,1,0,2020-01-29,0,黑龙江省,0
长沙,57,0,2020-01-29,0,湖南省,4
衡阳,20,0,2020-01-29,0,湖南省,0
株洲,18,0,2020-01-29,0,湖南省,5
湘潭,9,0,2020-01-29,0,湖南省,0
邵阳,29,0,2020-01-29,0,湖南省,0
岳阳,29,0,2020-01-29,0,湖南省,4
常德,30,0,2020-01-29,0,湖南省,0
张家界,1,0,2020-01-29,0,湖南省,0
益阳,17,0,2020-01-29,0,湖南省,1
郴州,10,0,2020-01-29,0,湖南省,0
永州,14,0,2020-01-29,0,湖南省,0
怀化,23,0,2020-01-29,0,湖南省,1
娄底,16,0,2020-01-29,0,湖南省,0
湘西自治州,4,0,2020-01-29,0,湖南省,0
长春,4,0,2020-01-29,0,吉林省,0
吉林,3,0,2020-01-29,0,吉林省,0
松原,2,0,2020-01-29,0,吉林省,0
四平,1,0,2020-01-29,0,吉林省,0
公主岭,1,0,2020-01-29,0,吉林省,0
通化,1,0,2020-01-29,0,吉林省,0
延边州,2,0,2020-01-29,0,吉林省,0
银川,9,0,2020-01-29,0,宁夏回族自治区,0
吴忠,5,0,2020-01-29,0,宁夏回族自治区,0
固原,1,0,2020-01-29,0,宁夏回族自治区,0
中卫,1,0,2020-01-29,0,宁夏回族自治区,0
宁东管委会,1,0,2020-01-29,0,宁夏回族自治区,0
外地来沪,48,0,2020-01-29,0,上海市,0
浦东,13,0,2020-01-29,0,上海市,0
静安,8,0,2020-01-29,0,上海市,0
徐汇,5,0,2020-01-29,0,上海市,0
长宁,5,0,2020-01-29,0,上海市,0
奉贤,5,0,2020-01-29,0,上海市,0
黄浦,4,0,2020-01-29,0,上海市,0
闵行,3,0,2020-01-29,0,上海市,0
虹口,2,0,2020-01-29,0,上海市,0
宝山,2,0,2020-01-29,0,上海市,0
嘉定,2,0,2020-01-29,0,上海市,0
青浦,2,0,2020-01-29,0,上海市,0
松江,1,0,2020-01-29,0,上海市,0
金山,1,0,2020-01-29,0,上海市,0
成都,59,0,2020-01-29,1,四川省,0
绵阳,9,0,2020-01-29,0,四川省,0
南充,9,0,2020-01-29,0,四川省,0
广安,9,0,2020-01-29,0,四川省,0
自贡,7,0,2020-01-29,0,四川省,0
达州,6,0,2020-01-29,0,四川省,0
泸州,5,0,2020-01-29,0,四川省,0
宜宾,5,0,2020-01-29,0,四川省,0
甘孜州,5,0,2020-01-29,0,四川省,0
遂宁,4,0,2020-01-29,0,四川省,0
内江,4,0,2020-01-29,0,四川省,0
巴中,4,0,2020-01-29,0,四川省,0
德阳,3,0,2020-01-29,0,四川省,0
广元,3,0,2020-01-29,0,四川省,0
乐山,2,0,2020-01-29,0,四川省,0
雅安,2,0,2020-01-29,0,四川省,0
眉山,2,0,2020-01-29,0,四川省,0
资阳,2,0,2020-01-29,0,四川省,0
凉山州,2,0,2020-01-29,0,四川省,0
昆明,21,0,2020-01-29,0,云南省,0
西双版纳州,10,0,2020-01-29,0,云南省,0
玉溪,6,0,2020-01-29,0,云南省,0
丽江,6,0,2020-01-29,0,云南省,0
曲靖,5,0,2020-01-29,0,云南省,0
保山,5,0,2020-01-29,0,云南省,0
昭通,4,0,2020-01-29,0,云南省,0
红河州,4,0,2020-01-29,0,云南省,0
大理州,4,0,2020-01-29,0,云南省,0
普洱,3,0,2020-01-29,0,云南省,0
德宏州,2,0,2020-01-29,0,云南省,0
东城,2,0,2020-01-29,0,北京市,0
西城,12,0,2020-01-29,0,北京市,0
朝阳,21,0,2020-01-29,0,北京市,0
海淀,24,0,2020-01-29,0,北京市,0
丰台,10,0,2020-01-29,0,北京市,0
石景山,2,0,2020-01-29,0,北京市,0
门头沟,1,0,2020-01-29,0,北京市,0
通州,8,0,2020-01-29,0,北京市,0
顺义,2,0,2020-01-29,0,北京市,0
大兴,10,0,2020-01-29,0,北京市,0
昌平,8,0,2020-01-29,0,北京市,0
外地来京人员,11,0,2020-01-29,0,北京市,0
兰州,14,0,2020-01-29,0,甘肃省,4
白银,1,0,2020-01-29,0,甘肃省,0
临夏州,2,0,2020-01-29,0,甘肃省,0
定西,2,0,2020-01-29,0,甘肃省,1
张掖,2,0,2020-01-29,0,甘肃省,0
陇南,1,0,2020-01-29,0,甘肃省,0
金昌,1,0,2020-01-29,0,甘肃省,0
天水,2,0,2020-01-29,0,甘肃省,0
平凉,1,0,2020-01-29,0,甘肃省,1
贵阳,1,0,2020-01-29,1,贵州省,0
遵义,1,0,2020-01-29,0,贵州省,0
六盘水,1,0,2020-01-29,0,贵州省,0
毕节,1,0,2020-01-29,0,贵州省,0
铜仁,2,0,2020-01-29,0,贵州省,0
黔东南州,1,0,2020-01-29,0,贵州省,0
黔南州,4,0,2020-01-29,0,贵州省,0
黔西南州,1,0,2020-01-29,0,贵州省,0
郑州,46,0,2020-01-29,0,河南省,0
开封,4,0,2020-01-29,0,河南省,0
洛阳,2,0,2020-01-29,0,河南省,0
平顶山,8,0,2020-01-29,0,河南省,0
安阳,16,0,2020-01-29,0,河南省,0
鹤壁,6,0,2020-01-29,0,河南省,0
新乡,11,0,2020-01-29,0,河南省,0
焦作,2,0,2020-01-29,0,河南省,0
濮阳,1,0,2020-01-29,0,河南省,0
许昌,3,0,2020-01-29,0,河南省,0
漯河,11,0,2020-01-29,0,河南省,0
三门峡,5,0,2020-01-29,0,河南省,0
南阳,51,0,2020-01-29,0,河南省,0
商丘,18,0,2020-01-29,0,河南省,0
周口,25,0,2020-01-29,0,河南省,0
信阳,42,0,2020-01-29,0,河南省,0
驻马店,25,0,2020-01-29,0,河南省,0
滑,1,0,2020-01-29,0,河南省,0
长垣,1,0,2020-01-29,0,河南省,0
南京,19,0,2020-01-29,0,江苏省,0
无锡,10,0,2020-01-29,0,江苏省,0
徐州,15,0,2020-01-29,0,江苏省,0
常州,10,0,2020-01-29,0,江苏省,0
苏州,24,0,2020-01-29,1,江苏省,0
南通,9,0,2020-01-29,0,江苏省,0
连云港,6,0,2020-01-29,0,江苏省,0
淮安,7,0,2020-01-29,0,江苏省,0
盐城,6,0,2020-01-29,0,江苏省,0
扬州,8,0,2020-01-29,0,江苏省,0
镇江,2,0,2020-01-29,0,江苏省,1
泰州,9,0,2020-01-29,0,江苏省,0
宿迁,4,0,2020-01-29,0,江苏省,0
沈阳,9,0,2020-01-29,0,辽宁省,0
大连,5,0,2020-01-29,1,辽宁省,0
本溪,3,0,2020-01-29,0,辽宁省,0
丹东,5,0,2020-01-29,0,辽宁省,0
锦州,4,0,2020-01-29,0,辽宁省,0
营口,1,0,2020-01-29,0,辽宁省,0
辽阳,1,0,2020-01-29,0,辽宁省,0
铁岭,2,0,2020-01-29,0,辽宁省,0
朝阳,4,0,2020-01-29,0,辽宁省,0
盘锦,3,0,2020-01-29,0,辽宁省,0
葫芦岛,4,0,2020-01-29,0,辽宁省,0
西宁,6,0,2020-01-29,0,青海省,0
西安,22,0,2020-01-29,0,陕西省,0
宝鸡,4,0,2020-01-29,0,陕西省,0
咸阳,5,0,2020-01-29,0,陕西省,0
铜川,5,0,2020-01-29,0,陕西省,0
渭南,4,0,2020-01-29,0,陕西省,0
延安,3,0,2020-01-29,0,陕西省,0
榆林,1,0,2020-01-29,0,陕西省,0
汉中,6,0,2020-01-29,0,陕西省,0
安康,10,0,2020-01-29,0,陕西省,0
商洛,2,0,2020-01-29,0,陕西省,0
韩城,1,0,2020-01-29,0,陕西省,0
乌鲁木齐,7,1,2020-01-29,0,新疆,2
伊犁州,4,0,2020-01-29,0,新疆,1
吐鲁番,1,0,2020-01-29,0,新疆,0
兵团第七师,1,0,2020-01-29,0,新疆,0
兵团第八师石河子,1,0,2020-01-29,0,新疆,0
杭州,69,0,2020-01-29,0,浙江省,17
宁波,41,0,2020-01-29,0,浙江省,1
温州,172,0,2020-01-29,3,浙江省,11
湖州,5,0,2020-01-29,0,浙江省,0
嘉兴,16,0,2020-01-29,0,浙江省,5
绍兴,19,0,2020-01-29,0,浙江省,6
金华,20,0,2020-01-29,0,浙江省,3
衢州,10,0,2020-01-29,0,浙江省,1
舟山,6,0,2020-01-29,0,浙江省,1
台州,64,0,2020-01-29,0,浙江省,7
丽水,6,0,2020-01-29,1,浙江省,2
合肥,29,0,2020-01-28,0,安徽省,0
淮北,2,0,2020-01-28,0,安徽省,0
亳州,15,0,2020-01-28,0,安徽省,0
宿州,9,0,2020-01-28,0,安徽省,0
蚌埠,3,0,2020-01-28,0,安徽省,0
阜阳,23,0,2020-01-28,0,安徽省,0
淮南,2,0,2020-01-28,0,安徽省,0
滁州,4,0,2020-01-28,0,安徽省,0
六安,6,0,2020-01-28,0,安徽省,0
马鞍山,11,0,2020-01-28,0,安徽省,0
芜湖,11,0,2020-01-28,0,安徽省,0
宣城,2,0,2020-01-28,0,安徽省,0
铜陵,9,0,2020-01-28,0,安徽省,0
池州,1,0,2020-01-28,0,安徽省,0
安庆,14,0,2020-01-28,0,安徽省,0
黄山,7,0,2020-01-28,0,安徽省,0
宿松,4,0,2020-01-28,0,安徽省,0
万州,17,1,2020-01-28,0,重庆市,2
黔江,1,0,2020-01-28,0,重庆市,0
涪陵,1,0,2020-01-28,0,重庆市,0
渝中,1,0,2020-01-28,0,重庆市,0
大渡口,6,0,2020-01-28,0,重庆市,2
江北,5,1,2020-01-28,0,重庆市,1
九龙坡,5,1,2020-01-28,0,重庆市,1
南岸,1,0,2020-01-28,0,重庆市,0
渝北,6,0,2020-01-28,0,重庆市,1
巴南,1,0,2020-01-28,0,重庆市,0
长寿,7,0,2020-01-28,0,重庆市,2
江津,2,0,2020-01-28,0,重庆市,1
合川,5,0,2020-01-28,0,重庆市,0
永川,3,0,2020-01-28,0,重庆市,0
綦江,4,0,2020-01-28,0,重庆市,0
大足,1,0,2020-01-28,0,重庆市,0
璧山,4,0,2020-01-28,0,重庆市,2
铜梁,2,1,2020-01-28,0,重庆市,0
潼南,2,0,2020-01-28,0,重庆市,0
开州,11,0,2020-01-28,0,重庆市,0
梁平,1,0,2020-01-28,0,重庆市,0
城口,1,0,2020-01-28,0,重庆市,0
丰都,3,0,2020-01-28,0,重庆市,0
垫江,5,0,2020-01-28,0,重庆市,1
忠,11,0,2020-01-28,0,重庆市,1
云阳,11,0,2020-01-28,0,重庆市,1
奉节,4,0,2020-01-28,0,重庆市,0
巫山,5,0,2020-01-28,0,重庆市,0
巫溪,5,0,2020-01-28,0,重庆市,0
石柱,7,0,2020-01-28,0,重庆市,0
秀山,1,0,2020-01-28,0,重庆市,0
两江新区,8,0,2020-01-28,0,重庆市,0
广州,63,0,2020-01-28,0,广东省,0
深圳,63,0,2020-01-28,0,广东省,0
佛山,18,0,2020-01-28,0,广东省,0
珠海,14,0,2020-01-28,0,广东省,0
惠州,12,0,2020-01-28,0,广东省,0
中山,12,0,2020-01-28,0,广东省,0
阳江,10,0,2020-01-28,0,广东省,0
东莞,7,0,2020-01-28,0,广东省,0
湛江,7,0,2020-01-28,0,广东省,0
汕头,6,0,2020-01-28,0,广东省,0
清远,6,0,2020-01-28,0,广东省,0
揭阳,6,0,2020-01-28,0,广东省,0
肇庆,5,0,2020-01-28,0,广东省,0
韶关,4,0,2020-01-28,0,广东省,0
梅州,4,0,2020-01-28,0,广东省,0
茂名,2,0,2020-01-28,0,广东省,0
河源,1,0,2020-01-28,0,广东省,0
汕尾,1,0,2020-01-28,0,广东省,0
海口,9,0,2020-01-28,0,海南省,0
三亚,14,0,2020-01-28,0,海南省,0
儋州,5,0,2020-01-28,0,海南省,0
琼海,1,0,2020-01-28,0,海南省,0
万宁,8,0,2020-01-28,0,海南省,0
东方,1,0,2020-01-28,0,海南省,0
澄迈,2,0,2020-01-28,0,海南省,0
临高,1,0,2020-01-28,0,海南省,0
陵水,1,0,2020-01-28,0,海南省,0
琼中,1,0,2020-01-28,0,海南省,0
南京,14,0,2020-01-28,0,江苏省,0
无锡,9,0,2020-01-28,0,江苏省,0
徐州,8,0,2020-01-28,0,江苏省,0
常州,8,0,2020-01-28,0,江苏省,0
苏州,20,0,2020-01-28,1,江苏省,0
南通,6,0,2020-01-28,0,江苏省,0
连云港,3,0,2020-01-28,0,江苏省,0
淮安,3,0,2020-01-28,0,江苏省,0
盐城,6,0,2020-01-28,0,江苏省,0
扬州,8,0,2020-01-28,0,江苏省,0
镇江,2,0,2020-01-28,0,江苏省,1
泰州,8,0,2020-01-28,0,江苏省,0
宿迁,4,0,2020-01-28,0,江苏省,0
沈阳,8,0,2020-01-28,0,辽宁省,0
大连,5,0,2020-01-28,0,辽宁省,0
本溪,2,0,2020-01-28,0,辽宁省,0
丹东,5,0,2020-01-28,0,辽宁省,0
锦州,4,0,2020-01-28,0,辽宁省,0
营口,1,0,2020-01-28,0,辽宁省,0
辽阳,1,0,2020-01-28,0,辽宁省,0
铁岭,2,0,2020-01-28,0,辽宁省,0
朝阳,3,0,2020-01-28,0,辽宁省,0
盘锦,2,0,2020-01-28,0,辽宁省,0
葫芦岛,3,0,2020-01-28,0,辽宁省,0
西宁,6,0,2020-01-28,0,青海省,0
晋中,9,0,2020-01-28,0,山西省,1
运城,4,0,2020-01-28,0,山西省,0
太原,3,0,2020-01-28,0,山西省,0
大同,3,0,2020-01-28,0,山西省,0
吕梁,3,0,2020-01-28,0,山西省,1
朔州,2,0,2020-01-28,0,山西省,0
长治,1,0,2020-01-28,0,山西省,0
阳泉,1,0,2020-01-28,0,山西省,0
临汾,1,0,2020-01-28,0,山西省,0
乌鲁木齐,6,0,2020-01-28,0,新疆,3
伊犁州,4,0,2020-01-28,0,新疆,1
吐鲁番,1,0,2020-01-28,0,新疆,0
第七师,1,0,2020-01-28,0,新疆,0
第八师石河子,1,0,2020-01-28,0,新疆,0
厦门,6,0,2020-01-28,0,福建省,0
漳州,6,0,2020-01-28,0,福建省,0
泉州,13,0,2020-01-28,0,福建省,0
三明,8,0,2020-01-28,0,福建省,0
莆田,14,0,2020-01-28,0,福建省,0
南平,3,0,2020-01-28,0,福建省,0
龙岩,1,0,2020-01-28,0,福建省,0
宁德,7,0,2020-01-28,0,福建省,0
南宁,7,0,2020-01-28,0,广西,0
柳州,6,0,2020-01-28,0,广西,1
桂林,16,0,2020-01-28,0,广西,3
梧州,4,0,2020-01-28,0,广西,0
北海,13,0,2020-01-28,0,广西,0
防城港,5,0,2020-01-28,1,广西,1
玉林,2,0,2020-01-28,0,广西,0
百色,2,0,2020-01-28,0,广西,0
河池,3,0,2020-01-28,0,广西,0
石家庄,10,0,2020-01-28,0,河北省,2
廊坊,9,0,2020-01-28,0,河北省,1
沧州,8,0,2020-01-28,0,河北省,0
保定,6,0,2020-01-28,0,河北省,0
邯郸,4,0,2020-01-28,0,河北省,0
邢台,3,0,2020-01-28,0,河北省,0
衡水,3,0,2020-01-28,0,河北省,1
唐山,3,0,2020-01-28,0,河北省,0
承德,1,0,2020-01-28,0,河北省,0
张家口,1,0,2020-01-28,0,河北省,0
武汉,1905,0,2020-01-28,0,湖北省,0
黄石,86,0,2020-01-28,0,湖北省,0
十堰,88,0,2020-01-28,0,湖北省,0
襄阳,131,0,2020-01-28,0,湖北省,0
宜昌,63,0,2020-01-28,0,湖北省,0
荆州,101,0,2020-01-28,0,湖北省,0
荆门,142,0,2020-01-28,0,湖北省,0
鄂州,84,0,2020-01-28,0,湖北省,0
孝感,274,0,2020-01-28,0,湖北省,0
黄冈,324,0,2020-01-28,0,湖北省,0
咸宁,112,0,2020-01-28,0,湖北省,0
随州,116,0,2020-01-28,0,湖北省,0
恩施州,51,0,2020-01-28,0,湖北省,0
仙桃,32,0,2020-01-28,0,湖北省,0
天门,34,0,2020-01-28,0,湖北省,0
潜江,8,0,2020-01-28,0,湖北省,0
神农架林区,3,0,2020-01-28,0,湖北省,0
南昌,25,0,2020-01-28,0,江西省,0
九江,16,0,2020-01-28,0,江西省,0
赣州,16,0,2020-01-28,0,江西省,0
宜春,14,0,2020-01-28,0,江西省,0
新余,11,0,2020-01-28,1,江西省,0
上饶,9,0,2020-01-28,0,江西省,0
抚州,9,0,2020-01-28,0,江西省,0
吉安,4,0,2020-01-28,1,江西省,0
景德镇,2,0,2020-01-28,0,江西省,0
萍乡,2,0,2020-01-28,1,江西省,0
鹰潭,1,0,2020-01-28,0,江西省,0
呼和浩特,2,0,2020-01-28,0,内蒙古,0
包头,3,0,2020-01-28,0,内蒙古,0
呼伦贝尔,2,1,2020-01-28,0,内蒙古,0
兴安盟,1,0,2020-01-28,0,内蒙古,0
通辽,1,0,2020-01-28,0,内蒙古,0
赤峰,2,0,2020-01-28,0,内蒙古,0
锡林郭勒盟,2,0,2020-01-28,0,内蒙古,1
鄂尔多斯,2,0,2020-01-28,0,内蒙古,0
巴彦淖尔,1,0,2020-01-28,0,内蒙古,0
济南,11,0,2020-01-28,0,山东省,0
青岛,15,0,2020-01-28,0,山东省,0
淄博,4,0,2020-01-28,0,山东省,0
枣庄,8,0,2020-01-28,0,山东省,0
烟台,10,0,2020-01-28,0,山东省,0
潍坊,5,0,2020-01-28,0,山东省,0
济宁,5,0,2020-01-28,0,山东省,0
泰安,3,0,2020-01-28,0,山东省,0
威海,11,0,2020-01-28,0,山东省,0
日照,7,0,2020-01-28,0,山东省,0
临沂,15,0,2020-01-28,0,山东省,0
德州,11,0,2020-01-28,0,山东省,0
聊城,3,0,2020-01-28,0,山东省,0
滨州,6,0,2020-01-28,0,山东省,0
菏泽,7,0,2020-01-28,0,山东省,0
西安,15,0,2020-01-28,0,陕西省,0
宝鸡,3,0,2020-01-28,0,陕西省,0
咸阳,4,0,2020-01-28,0,陕西省,0
铜川,5,0,2020-01-28,0,陕西省,0
渭南,3,0,2020-01-28,0,陕西省,0
延安,2,0,2020-01-28,0,陕西省,0
汉中,4,0,2020-01-28,0,陕西省,0
安康,8,0,2020-01-28,0,陕西省,0
商洛,2,0,2020-01-28,0,陕西省,0
河北,7,0,2020-01-28,0,天津市,0
河东,5,0,2020-01-28,0,天津市,0
南开,2,0,2020-01-28,0,天津市,0
西青,2,0,2020-01-28,0,天津市,0
和平,1,0,2020-01-28,0,天津市,0
滨海新区,1,0,2020-01-28,0,天津市,0
红桥,1,0,2020-01-28,0,天津市,0
河西,3,0,2020-01-28,0,天津市,0
其他,2,0,2020-01-28,0,天津市,0
昆明,15,0,2020-01-28,0,云南省,0
丽江,6,0,2020-01-28,0,云南省,0
德宏州,2,0,2020-01-28,0,云南省,0
保山,4,0,2020-01-28,0,云南省,0
曲靖,5,0,2020-01-28,0,云南省,0
玉溪,5,0,2020-01-28,0,云南省,0
红河州,2,0,2020-01-28,0,云南省,0
西双版纳州,6,0,2020-01-28,0,云南省,0
大理州,3,0,2020-01-28,0,云南省,0
昭通,2,0,2020-01-28,0,云南省,0
普洱,1,0,2020-01-28,0,云南省,0
东城,2,0,2020-01-28,0,北京市,0
西城,8,0,2020-01-28,0,北京市,0
朝阳,17,0,2020-01-28,0,北京市,0
海淀,21,0,2020-01-28,0,北京市,0
丰台,7,0,2020-01-28,0,北京市,0
石景山,2,0,2020-01-28,0,北京市,0
通州,7,0,2020-01-28,0,北京市,0
顺义,2,0,2020-01-28,0,北京市,0
大兴,7,0,2020-01-28,0,北京市,0
昌平,7,0,2020-01-28,0,北京市,0
其他,11,0,2020-01-28,0,北京市,0
兰州,14,0,2020-01-28,0,甘肃省,3
白银,1,0,2020-01-28,0,甘肃省,0
临夏州,2,0,2020-01-28,0,甘肃省,0
定西,1,0,2020-01-28,0,甘肃省,0
张掖,2,0,2020-01-28,0,甘肃省,0
陇南,1,0,2020-01-28,0,甘肃省,0
金昌,1,0,2020-01-28,0,甘肃省,0
天水,1,0,2020-01-28,0,甘肃省,0
平凉,1,0,2020-01-28,0,甘肃省,0
贵阳,1,0,2020-01-28,0,贵州省,0
六盘水,1,0,2020-01-28,0,贵州省,0
铜仁,2,0,2020-01-28,0,贵州省,0
黔南州,4,0,2020-01-28,0,贵州省,0
黔西南州,1,0,2020-01-28,0,贵州省,0
哈尔滨,11,0,2020-01-28,0,黑龙江省,0
齐齐哈尔,3,0,2020-01-28,0,黑龙江省,0
牡丹江,1,0,2020-01-28,0,黑龙江省,0
佳木斯,5,0,2020-01-28,0,黑龙江省,0
大庆,5,0,2020-01-28,0,黑龙江省,0
鸡西,1,0,2020-01-28,0,黑龙江省,0
双鸭山,1,0,2020-01-28,0,黑龙江省,0
七台河,2,0,2020-01-28,0,黑龙江省,0
绥化,8,0,2020-01-28,0,黑龙江省,0
长沙,46,0,2020-01-28,0,湖南省,7
衡阳,17,0,2020-01-28,0,湖南省,4
株洲,13,0,2020-01-28,0,湖南省,2
湘潭,8,0,2020-01-28,0,湖南省,1
邵阳,19,0,2020-01-28,0,湖南省,5
岳阳,26,0,2020-01-28,0,湖南省,1
常德,26,0,2020-01-28,0,湖南省,4
益阳,14,0,2020-01-28,0,湖南省,2
郴州,7,0,2020-01-28,0,湖南省,0
永州,11,0,2020-01-28,0,湖南省,3
怀化,18,0,2020-01-28,0,湖南省,6
娄底,13,0,2020-01-28,0,湖南省,3
湘西自治州,3,0,2020-01-28,0,湖南省,0
长春,1,0,2020-01-28,0,吉林省,0
吉林,3,0,2020-01-28,0,吉林省,0
松原,2,0,2020-01-28,0,吉林省,0
四平,1,0,2020-01-28,0,吉林省,0
公主岭,1,0,2020-01-28,0,吉林省,0
通化,1,0,2020-01-28,0,吉林省,0
银川,7,0,2020-01-28,0,宁夏,0
中卫,1,0,2020-01-28,0,宁夏,0
固原,1,0,2020-01-28,0,宁夏,0
吴中,3,0,2020-01-28,0,宁夏,0
浦东,12,0,2020-01-28,0,上海市,0
长宁,5,0,2020-01-28,0,上海市,0
静安,7,0,2020-01-28,0,上海市,0
徐汇,3,0,2020-01-28,0,上海市,0
虹口,2,0,2020-01-28,0,上海市,0
闵行,2,0,2020-01-28,0,上海市,0
青浦,2,0,2020-01-28,0,上海市,0
黄埔,3,0,2020-01-28,0,上海市,0
宝山,2,0,2020-01-28,0,上海市,0
嘉定,1,0,2020-01-28,0,上海市,0
奉贤,1,0,2020-01-28,0,上海市,0
其他,40,0,2020-01-28,0,上海市,0
成都,46,0,2020-01-28,0,四川省,0
绵阳,8,0,2020-01-28,0,四川省,0
自贡,7,0,2020-01-28,0,四川省,0
广安,7,0,2020-01-28,0,四川省,0
泸州,5,0,2020-01-28,0,四川省,0
南充,5,0,2020-01-28,0,四川省,0
内江,4,0,2020-01-28,0,四川省,0
达州,4,0,2020-01-28,0,四川省,0
遂宁,3,0,2020-01-28,0,四川省,0
甘孜州,3,0,2020-01-28,0,四川省,0
德阳,2,0,2020-01-28,0,四川省,0
乐山,2,0,2020-01-28,0,四川省,0
宜宾,2,0,2020-01-28,0,四川省,0
巴中,2,0,2020-01-28,0,四川省,0
雅安,2,0,2020-01-28,0,四川省,0
资阳,2,0,2020-01-28,0,四川省,0
凉山州,2,0,2020-01-28,0,四川省,0
广元,1,0,2020-01-28,0,四川省,0
眉山,1,0,2020-01-28,0,四川省,0
杭州,51,0,2020-01-28,0,浙江省,14
宁波,20,0,2020-01-28,0,浙江省,1
温州,114,0,2020-01-28,3,浙江省,8
湖州,5,0,2020-01-28,0,浙江省,0
嘉兴,14,0,2020-01-28,0,浙江省,5
绍兴,19,0,2020-01-28,0,浙江省,4
金华,13,0,2020-01-28,0,浙江省,1
衢州,8,0,2020-01-28,0,浙江省,1
舟山,6,0,2020-01-28,0,浙江省,1
台州,40,0,2020-01-28,0,浙江省,5
丽水,6,0,2020-01-28,0,浙江省,2
郑州,40,0,2020-01-28,0,河南省,0
开封,3,0,2020-01-28,0,河南省,0
洛阳,2,0,2020-01-28,0,河南省,0
平顶山,5,0,2020-01-28,0,河南省,0
安阳,14,0,2020-01-28,0,河南省,0
鹤壁,5,0,2020-01-28,0,河南省,0
新乡,7,0,2020-01-28,0,河南省,0
焦作,2,0,2020-01-28,0,河南省,0
濮阳,1,0,2020-01-28,0,河南省,0
许昌,2,0,2020-01-28,0,河南省,0
漯河,9,0,2020-01-28,0,河南省,0
三门峡,4,0,2020-01-28,0,河南省,0
南阳,31,0,2020-01-28,0,河南省,0
商丘,14,0,2020-01-28,0,河南省,0
周口,19,0,2020-01-28,0,河南省,0
信阳,32,0,2020-01-28,0,河南省,0
驻马店,16,0,2020-01-28,0,河南省,0
阜阳,21,0,2020-01-27,0,安徽省,0
合肥,16,0,2020-01-27,0,安徽省,0
马鞍山,10,0,2020-01-27,0,安徽省,0
芜湖,9,0,2020-01-27,0,安徽省,0
铜陵,9,0,2020-01-27,0,安徽省,0
安庆,8,0,2020-01-27,0,安徽省,0
亳州,8,0,2020-01-27,0,安徽省,0
黄山,4,0,2020-01-27,0,安徽省,0
滁州,4,0,2020-01-27,0,安徽省,0
六安,4,0,2020-01-27,0,安徽省,0
宿州,3,0,2020-01-27,0,安徽省,0
蚌埠,3,0,2020-01-27,0,安徽省,0
淮南,2,0,2020-01-27,0,安徽省,0
宣城,2,0,2020-01-27,0,安徽省,0
淮北,2,0,2020-01-27,0,安徽省,0
池州,1,0,2020-01-27,0,安徽省,0
万州,15,1,2020-01-27,0,重庆市,2
黔江,1,0,2020-01-27,0,重庆市,0
涪陵,1,0,2020-01-27,0,重庆市,0
大渡口,6,0,2020-01-27,0,重庆市,2
江北,4,1,2020-01-27,0,重庆市,1
九龙坡,5,1,2020-01-27,0,重庆市,1
南岸,1,0,2020-01-27,0,重庆市,0
渝北,6,0,2020-01-27,0,重庆市,0
巴南,1,0,2020-01-27,0,重庆市,0
长寿,7,0,2020-01-27,0,重庆市,2
江津,2,0,2020-01-27,0,重庆市,0
合川,4,0,2020-01-27,0,重庆市,0
永川,3,0,2020-01-27,0,重庆市,1
綦江,2,0,2020-01-27,0,重庆市,0
大足,1,0,2020-01-27,0,重庆市,0
璧山,3,0,2020-01-27,0,重庆市,1
铜梁,2,0,2020-01-27,0,重庆市,0
潼南,2,0,2020-01-27,0,重庆市,0
开州,9,0,2020-01-27,0,重庆市,0
梁平,1,0,2020-01-27,0,重庆市,0
城口,1,0,2020-01-27,0,重庆市,0
丰都,3,0,2020-01-27,0,重庆市,0
垫江,5,0,2020-01-27,0,重庆市,1
忠,9,0,2020-01-27,0,重庆市,1
云阳,10,0,2020-01-27,0,重庆市,1
奉节,3,0,2020-01-27,0,重庆市,0
巫山,5,0,2020-01-27,0,重庆市,0
巫溪,5,0,2020-01-27,0,重庆市,0
石柱,6,0,2020-01-27,0,重庆市,0
秀山,1,0,2020-01-27,0,重庆市,0
两江新区,8,0,2020-01-27,0,重庆市,0
广州,51,0,2020-01-27,0,广东省,0
深圳,49,0,2020-01-27,0,广东省,0
珠海,12,0,2020-01-27,0,广东省,0
汕头,5,0,2020-01-27,0,广东省,0
佛山,18,0,2020-01-27,0,广东省,0
韶关,4,0,2020-01-27,0,广东省,0
梅州,3,0,2020-01-27,0,广东省,0
惠州,11,0,2020-01-27,0,广东省,0
汕尾,1,0,2020-01-27,0,广东省,0
东莞,2,0,2020-01-27,0,广东省,0
中山,6,0,2020-01-27,0,广东省,0
阳江,8,0,2020-01-27,0,广东省,0
湛江,5,0,2020-01-27,0,广东省,0
肇庆,4,0,2020-01-27,0,广东省,0
清远,5,0,2020-01-27,0,广东省,0
揭阳,4,0,2020-01-27,0,广东省,0
海口,6,0,2020-01-27,0,海南省,0
三亚,10,0,2020-01-27,0,海南省,0
儋州,4,0,2020-01-27,0,海南省,0
万宁,7,0,2020-01-27,0,海南省,0
临高,1,0,2020-01-27,0,海南省,0
陵水,1,0,2020-01-27,0,海南省,0
澄迈,2,0,2020-01-27,0,海南省,0
郑州,37,0,2020-01-27,0,河南省,0
开封,2,0,2020-01-27,0,河南省,0
洛阳,2,0,2020-01-27,0,河南省,0
平顶山,5,0,2020-01-27,0,河南省,0
安阳,11,0,2020-01-27,0,河南省,0
鹤壁,2,0,2020-01-27,0,河南省,0
新乡,6,0,2020-01-27,0,河南省,0
焦作,2,0,2020-01-27,0,河南省,0
许昌,2,0,2020-01-27,0,河南省,0
漯河,9,0,2020-01-27,0,河南省,0
三门峡,3,0,2020-01-27,0,河南省,0
南阳,26,0,2020-01-27,0,河南省,0
商丘,7,0,2020-01-27,0,河南省,0
周口,15,0,2020-01-27,0,河南省,0
信阳,29,0,2020-01-27,0,河南省,0
驻马店,10,0,2020-01-27,0,河南省,0
南京,10,0,2020-01-27,0,江苏省,0
无锡,6,0,2020-01-27,0,江苏省,0
徐州,8,0,2020-01-27,0,江苏省,0
常州,8,0,2020-01-27,0,江苏省,0
苏州,12,0,2020-01-27,1,江苏省,0
南通,6,0,2020-01-27,0,江苏省,0
连云港,3,0,2020-01-27,0,江苏省,0
淮安,2,0,2020-01-27,0,江苏省,0
盐城,1,0,2020-01-27,0,江苏省,0
扬州,5,0,2020-01-27,0,江苏省,0
镇江,2,0,2020-01-27,0,江苏省,1
泰州,4,0,2020-01-27,0,江苏省,0
宿迁,3,0,2020-01-27,0,江苏省,0
沈阳,7,0,2020-01-27,0,辽宁省,0
大连,5,0,2020-01-27,0,辽宁省,0
本溪,2,0,2020-01-27,0,辽宁省,0
丹东,4,0,2020-01-27,0,辽宁省,0
营口,1,0,2020-01-27,0,辽宁省,0
铁岭,2,0,2020-01-27,0,辽宁省,0
朝阳,2,0,2020-01-27,0,辽宁省,0
盘锦,2,0,2020-01-27,0,辽宁省,0
葫芦岛,2,0,2020-01-27,0,辽宁省,0
西宁,6,0,2020-01-27,0,青海省,0
晋中,5,0,2020-01-27,0,山西省,1
运城,3,0,2020-01-27,0,山西省,0
太原,3,0,2020-01-27,0,山西省,0
吕梁,3,0,2020-01-27,0,山西省,1
朔州,2,0,2020-01-27,0,山西省,0
大同,1,0,2020-01-27,0,山西省,0
长治,1,0,2020-01-27,0,山西省,0
阳泉,1,0,2020-01-27,0,山西省,0
临汾,1,0,2020-01-27,0,山西省,0
乌鲁木齐,5,0,2020-01-27,0,新疆,1
伊犁州,2,0,2020-01-27,0,新疆,1
吐鲁番,1,0,2020-01-27,0,新疆,0
第七师,1,0,2020-01-27,0,新疆,0
第八师石河子,1,0,2020-01-27,0,新疆,0
福州,18,0,2020-01-27,0,福建省,0
厦门,4,0,2020-01-27,0,福建省,0
漳州,5,0,2020-01-27,0,福建省,0
泉州,10,0,2020-01-27,0,福建省,0
三明,4,0,2020-01-27,0,福建省,0
莆田,10,0,2020-01-27,0,福建省,0
南平,2,0,2020-01-27,0,福建省,0
宁德,6,0,2020-01-27,0,福建省,0
南宁,5,0,2020-01-27,0,广西,0
柳州,6,0,2020-01-27,0,广西,0
桂林,15,0,2020-01-27,0,广西,0
梧州,4,0,2020-01-27,0,广西,0
北海,11,0,2020-01-27,0,广西,0
防城港,3,0,2020-01-27,0,广西,0
玉林,2,0,2020-01-27,0,广西,0
百色,2,0,2020-01-27,0,广西,0
河池,3,0,2020-01-27,0,广西,0
石家庄,9,0,2020-01-27,0,河北省,0
廊坊,6,0,2020-01-27,0,河北省,0
沧州,5,0,2020-01-27,0,河北省,0
邯郸,4,0,2020-01-27,0,河北省,0
保定,3,0,2020-01-27,0,河北省,0
邢台,2,0,2020-01-27,0,河北省,0
衡水,2,0,2020-01-27,0,河北省,0
承德,1,0,2020-01-27,0,河北省,0
唐山,1,0,2020-01-27,0,河北省,0
武汉,1590,0,2020-01-27,0,湖北省,0
黄石,53,0,2020-01-27,0,湖北省,0
十堰,65,0,2020-01-27,0,湖北省,0
襄阳,70,0,2020-01-27,0,湖北省,0
宜昌,51,0,2020-01-27,0,湖北省,0
荆州,71,0,2020-01-27,0,湖北省,0
荆门,114,0,2020-01-27,0,湖北省,0
鄂州,57,0,2020-01-27,0,湖北省,0
孝感,173,0,2020-01-27,0,湖北省,0
黄冈,213,0,2020-01-27,0,湖北省,0
咸宁,91,0,2020-01-27,0,湖北省,0
随州,70,0,2020-01-27,0,湖北省,0
恩施州,38,0,2020-01-27,0,湖北省,0
仙桃,27,0,2020-01-27,0,湖北省,0
天门,23,0,2020-01-27,0,湖北省,0
潜江,7,0,2020-01-27,0,湖北省,0
神农架林区,1,0,2020-01-27,0,湖北省,0
南昌,17,0,2020-01-27,0,江西省,0
赣州,10,0,2020-01-27,0,江西省,0
宜春,10,0,2020-01-27,0,江西省,0
九江,9,0,2020-01-27,0,江西省,0
抚州,8,0,2020-01-27,0,江西省,0
上饶,7,0,2020-01-27,0,江西省,0
新余,3,0,2020-01-27,0,江西省,0
吉安,3,0,2020-01-27,0,江西省,0
景德镇,2,0,2020-01-27,0,江西省,0
萍乡,2,0,2020-01-27,0,江西省,0
鹰潭,1,0,2020-01-27,0,江西省,0
包头,3,0,2020-01-27,0,内蒙古,0
呼伦贝尔,2,0,2020-01-27,0,内蒙古,0
兴安盟,1,0,2020-01-27,0,内蒙古,0
通辽,1,0,2020-01-27,0,内蒙古,0
赤峰,2,0,2020-01-27,0,内蒙古,0
锡林郭勒盟,2,0,2020-01-27,0,内蒙古,0
鄂尔多斯,2,0,2020-01-27,0,内蒙古,0
济南,10,0,2020-01-27,0,山东省,0
青岛,13,0,2020-01-27,0,山东省,0
淄博,2,0,2020-01-27,0,山东省,0
枣庄,2,0,2020-01-27,0,山东省,0
烟台,8,0,2020-01-27,0,山东省,0
潍坊,3,0,2020-01-27,0,山东省,0
济宁,5,0,2020-01-27,0,山东省,0
泰安,1,0,2020-01-27,0,山东省,0
威海,10,0,2020-01-27,0,山东省,0
日照,6,0,2020-01-27,0,山东省,0
临沂,8,0,2020-01-27,0,山东省,0
德州,8,0,2020-01-27,0,山东省,0
聊城,3,0,2020-01-27,0,山东省,0
滨州,4,0,2020-01-27,0,山东省,0
菏泽,4,0,2020-01-27,0,山东省,0
西安,12,0,2020-01-27,0,陕西省,0
咸阳,4,0,2020-01-27,0,陕西省,0
铜川,5,0,2020-01-27,0,陕西省,0
渭南,1,0,2020-01-27,0,陕西省,0
延安,2,0,2020-01-27,0,陕西省,0
汉中,3,0,2020-01-27,0,陕西省,0
安康,7,0,2020-01-27,0,陕西省,0
商洛,1,0,2020-01-27,0,陕西省,0
河北,7,0,2020-01-27,0,天津市,0
河东,5,0,2020-01-27,0,天津市,0
南开,2,0,2020-01-27,0,天津市,0
西青,1,0,2020-01-27,0,天津市,0
和平,1,0,2020-01-27,0,天津市,0
滨海新区,1,0,2020-01-27,0,天津市,0
红桥,1,0,2020-01-27,0,天津市,0
河西,3,0,2020-01-27,0,天津市,0
其他,2,0,2020-01-27,0,天津市,0
昆明,7,0,2020-01-27,0,云南省,0
丽江,5,0,2020-01-27,0,云南省,0
德宏州,2,0,2020-01-27,0,云南省,0
保山,3,0,2020-01-27,0,云南省,0
曲靖,2,0,2020-01-27,0,云南省,0
玉溪,1,0,2020-01-27,0,云南省,0
红河州,2,0,2020-01-27,0,云南省,0
西双版纳州,1,0,2020-01-27,0,云南省,0
大理州,2,0,2020-01-27,0,云南省,0
昭通,1,0,2020-01-27,0,云南省,0
东城,2,0,2020-01-27,0,北京市,0
西城,7,0,2020-01-27,0,北京市,0
朝阳,17,0,2020-01-27,0,北京市,0
海淀,17,0,2020-01-27,0,北京市,0
丰台,4,0,2020-01-27,0,北京市,0
石景山,2,0,2020-01-27,0,北京市,0
通州,7,0,2020-01-27,0,北京市,0
顺义,1,0,2020-01-27,0,北京市,0
大兴,5,0,2020-01-27,0,北京市,0
昌平,7,0,2020-01-27,0,北京市,0
其他,11,0,2020-01-27,0,北京市,0
兰州,11,0,2020-01-27,0,甘肃省,3
白银,1,0,2020-01-27,0,甘肃省,0
临夏州,2,0,2020-01-27,0,甘肃省,0
定西,1,0,2020-01-27,0,甘肃省,1
张掖,1,0,2020-01-27,0,甘肃省,0
陇南,1,0,2020-01-27,0,甘肃省,0
金昌,1,0,2020-01-27,0,甘肃省,0
天水,1,0,2020-01-27,0,甘肃省,0
贵阳,1,0,2020-01-27,0,贵州省,0
六盘水,1,0,2020-01-27,0,贵州省,0
铜仁,2,0,2020-01-27,0,贵州省,0
黔南州,4,0,2020-01-27,0,贵州省,0
黔西南州,1,0,2020-01-27,0,贵州省,0
哈尔滨,10,0,2020-01-27,0,黑龙江省,0
齐齐哈尔,2,0,2020-01-27,0,黑龙江省,0
牡丹江,1,0,2020-01-27,0,黑龙江省,0
佳木斯,1,0,2020-01-27,0,黑龙江省,0
大庆,5,0,2020-01-27,0,黑龙江省,0
双鸭山,1,0,2020-01-27,0,黑龙江省,0
七台河,2,0,2020-01-27,0,黑龙江省,0
绥化,8,0,2020-01-27,0,黑龙江省,0
长沙,24,0,2020-01-27,0,湖南省,8
衡阳,7,0,2020-01-27,0,湖南省,2
株洲,7,0,2020-01-27,0,湖南省,1
湘潭,6,0,2020-01-27,0,湖南省,1
邵阳,11,0,2020-01-27,0,湖南省,3
岳阳,17,0,2020-01-27,0,湖南省,1
常德,19,0,2020-01-27,0,湖南省,4
益阳,10,0,2020-01-27,0,湖南省,2
郴州,7,0,2020-01-27,0,湖南省,0
永州,7,0,2020-01-27,0,湖南省,3
怀化,16,0,2020-01-27,0,湖南省,5
娄底,9,0,2020-01-27,0,湖南省,1
湘西自治州,3,0,2020-01-27,0,湖南省,0
长春,1,0,2020-01-27,0,吉林省,0
吉林,3,0,2020-01-27,0,吉林省,0
松原,2,0,2020-01-27,0,吉林省,0
四平,1,0,2020-01-27,0,吉林省,0
公主岭,1,0,2020-01-27,0,吉林省,0
银川,7,0,2020-01-27,0,宁夏,0
中卫,1,0,2020-01-27,0,宁夏,0
固原,1,0,2020-01-27,0,宁夏,0
吴中,2,0,2020-01-27,0,宁夏,0
浦东,9,0,2020-01-27,0,上海市,0
长宁,5,0,2020-01-27,0,上海市,0
静安,5,0,2020-01-27,0,上海市,0
徐汇,3,0,2020-01-27,0,上海市,0
虹口,2,0,2020-01-27,0,上海市,0
闵行,2,0,2020-01-27,0,上海市,0
青浦,2,0,2020-01-27,0,上海市,0
黄埔,2,0,2020-01-27,0,上海市,0
宝山,1,0,2020-01-27,0,上海市,0
嘉定,1,0,2020-01-27,0,上海市,0
奉贤,1,0,2020-01-27,0,上海市,0
成都,37,0,2020-01-27,0,四川省,0
绵阳,8,0,2020-01-27,0,四川省,0
自贡,7,0,2020-01-27,0,四川省,0
广安,7,0,2020-01-27,0,四川省,0
泸州,4,0,2020-01-27,0,四川省,0
南充,4,0,2020-01-27,0,四川省,0
遂宁,3,0,2020-01-27,0,四川省,0
内江,3,0,2020-01-27,0,四川省,0
达州,3,0,2020-01-27,0,四川省,0
甘孜州,3,0,2020-01-27,0,四川省,0
乐山,2,0,2020-01-27,0,四川省,0
雅安,2,0,2020-01-27,0,四川省,0
资阳,2,0,2020-01-27,0,四川省,0
凉山州,2,0,2020-01-27,0,四川省,0
德阳,1,0,2020-01-27,0,四川省,0
宜宾,1,0,2020-01-27,0,四川省,0
眉山,1,0,2020-01-27,0,四川省,0
杭州,32,0,2020-01-27,0,浙江省,8
宁波,17,0,2020-01-27,0,浙江省,1
温州,60,0,2020-01-27,0,浙江省,7
湖州,3,0,2020-01-27,0,浙江省,0
嘉兴,11,0,2020-01-27,0,浙江省,5
绍兴,7,0,2020-01-27,0,浙江省,4
金华,7,0,2020-01-27,0,浙江省,0
衢州,5,0,2020-01-27,0,浙江省,1
舟山,4,0,2020-01-27,0,浙江省,1
台州,22,0,2020-01-27,0,浙江省,4
丽水,5,0,2020-01-27,0,浙江省,0
武汉,698,51,2020-01-26,42,湖北省,141
黄石,36,0,2020-01-26,0,湖北省,0
十堰,40,0,2020-01-26,0,湖北省,4
襄阳,36,1,2020-01-26,0,湖北省,3
宜昌,31,0,2020-01-26,0,湖北省,2
荆州,47,1,2020-01-26,0,湖北省,10
荆门,90,3,2020-01-26,0,湖北省,28
鄂州,20,0,2020-01-26,0,湖北省,1
孝感,100,3,2020-01-26,0,湖北省,9
黄冈,154,9,2020-01-26,2,湖北省,16
咸宁,64,0,2020-01-26,0,湖北省,0
随州,52,0,2020-01-26,0,湖北省,2
恩施州,25,0,2020-01-26,0,湖北省,2
仙桃,12,0,2020-01-26,0,湖北省,2
天门,13,1,2020-01-26,0,湖北省,0
潜江,5,0,2020-01-26,0,湖北省,0
杭州,27,0,2020-01-26,0,浙江省,2
宁波,13,0,2020-01-26,0,浙江省,1
温州,32,0,2020-01-26,0,浙江省,4
湖州,3,0,2020-01-26,0,浙江省,0
嘉兴,8,0,2020-01-26,0,浙江省,3
绍兴,6,0,2020-01-26,0,浙江省,2
舟山,4,0,2020-01-26,0,浙江省,0
金华,5,0,2020-01-26,0,浙江省,0
衢州,5,0,2020-01-26,0,浙江省,1
台州,22,0,2020-01-26,0,浙江省,4
丽水,3,0,2020-01-26,0,浙江省,1
广州,39,0,2020-01-26,0,广东省,0
深圳,36,0,2020-01-26,0,广东省,0
珠海,12,0,2020-01-26,0,广东省,0
汕头,2,0,2020-01-26,0,广东省,0
佛山,14,0,2020-01-26,0,广东省,0
韶关,4,0,2020-01-26,0,广东省,0
梅州,1,0,2020-01-26,0,广东省,0
惠州,8,0,2020-01-26,0,广东省,0
汕尾,1,0,2020-01-26,0,广东省,0
东莞,2,0,2020-01-26,0,广东省,0
中山,4,0,2020-01-26,0,广东省,0
阳江,8,0,2020-01-26,0,广东省,0
湛江,5,0,2020-01-26,0,广东省,0
肇庆,4,0,2020-01-26,0,广东省,0
清远,3,0,2020-01-26,0,广东省,0
揭阳,3,0,2020-01-26,0,广东省,0
万州,14,1,2020-01-26,0,重庆市,2
涪陵,1,0,2020-01-26,0,重庆市,0
大渡口,6,0,2020-01-26,0,重庆市,2
江北,3,0,2020-01-26,0,重庆市,1
九龙坡,4,0,2020-01-26,0,重庆市,1
渝北,5,0,2020-01-26,0,重庆市,0
巴南,1,0,2020-01-26,0,重庆市,0
长寿,6,0,2020-01-26,0,重庆市,2
江津,2,0,2020-01-26,0,重庆市,0
合川,3,0,2020-01-26,0,重庆市,0
永川,3,0,2020-01-26,0,重庆市,1
綦江,1,0,2020-01-26,0,重庆市,0
大足,1,0,2020-01-26,0,重庆市,0
璧山,3,0,2020-01-26,0,重庆市,1
铜梁,1,0,2020-01-26,0,重庆市,0
潼南,2,0,2020-01-26,0,重庆市,0
开州,7,0,2020-01-26,0,重庆市,0
梁平,1,0,2020-01-26,0,重庆市,0
城口,1,0,2020-01-26,0,重庆市,0
丰都,3,0,2020-01-26,0,重庆市,0
垫江,4,0,2020-01-26,0,重庆市,0
忠,6,0,2020-01-26,0,重庆市,0
云阳,8,0,2020-01-26,0,重庆市,1
奉节,3,0,2020-01-26,0,重庆市,0
巫山,5,0,2020-01-26,0,重庆市,1
巫溪,5,0,2020-01-26,0,重庆市,0
石柱,3,0,2020-01-26,0,重庆市,0
秀山,1,0,2020-01-26,0,重庆市,0
两江新区,7,0,2020-01-26,0,重庆市,0
河北,5,0,2020-01-26,0,天津市,0
河东,2,0,2020-01-26,0,天津市,0
南开,2,0,2020-01-26,0,天津市,0
西青,1,0,2020-01-26,0,天津市,0
和平,1,0,2020-01-26,0,天津市,0
滨海新区,1,0,2020-01-26,0,天津市,0
其他,2,0,2020-01-26,0,天津市,0
南昌,8,0,2020-01-26,0,江西省,0
赣州,7,0,2020-01-26,0,江西省,0
抚州,7,0,2020-01-26,0,江西省,0
上饶,6,0,2020-01-26,0,江西省,0
宜春,6,0,2020-01-26,0,江西省,0
九江,4,0,2020-01-26,0,江西省,0
新余,3,0,2020-01-26,0,江西省,0
吉安,3,0,2020-01-26,0,江西省,0
萍乡,2,0,2020-01-26,0,江西省,0
景德镇,2,0,2020-01-26,0,江西省,0
成都,33,0,2020-01-26,0,四川省,0
绵阳,7,0,2020-01-26,0,四川省,0
广安,6,0,2020-01-26,0,四川省,0
泸州,3,0,2020-01-26,0,四川省,0
达州,3,0,2020-01-26,0,四川省,0
自贡,2,0,2020-01-26,0,四川省,0
遂宁,2,0,2020-01-26,0,四川省,0
南充,2,0,2020-01-26,0,四川省,0
资阳,2,0,2020-01-26,0,四川省,0
甘孜州,2,0,2020-01-26,0,四川省,0
德阳,1,0,2020-01-26,0,四川省,0
内江,1,0,2020-01-26,0,四川省,0
乐山,1,0,2020-01-26,0,四川省,0
宜宾,1,0,2020-01-26,0,四川省,0
雅安,1,0,2020-01-26,0,四川省,0
眉山,1,0,2020-01-26,0,四川省,0
凉山州,1,0,2020-01-26,0,四川省,0
郑州,29,0,2020-01-26,0,河南省,0
开封,1,0,2020-01-26,0,河南省,0
洛阳,2,0,2020-01-26,0,河南省,0
平顶山,5,0,2020-01-26,0,河南省,0
安阳,7,0,2020-01-26,0,河南省,0
鹤壁,2,0,2020-01-26,0,河南省,0
新乡,4,0,2020-01-26,0,河南省,0
许昌,1,0,2020-01-26,0,河南省,0
漯河,6,0,2020-01-26,0,河南省,0
三门峡,3,0,2020-01-26,0,河南省,0
南阳,19,0,2020-01-26,0,河南省,0
商丘,6,0,2020-01-26,0,河南省,0
信阳,23,0,2020-01-26,0,河南省,0
驻马店,9,0,2020-01-26,0,河南省,0
周口,11,0,2020-01-26,0,河南省,0
昆明,7,0,2020-01-26,0,云南省,0
丽江,2,0,2020-01-26,0,云南省,0
西双版纳州,1,0,2020-01-26,0,云南省,0
曲靖,1,0,2020-01-26,0,云南省,0
玉溪,1,0,2020-01-26,0,云南省,0
红河州,1,0,2020-01-26,0,云南省,0
大理州,1,0,2020-01-26,0,云南省,0
保山,2,0,2020-01-26,0,云南省,0
昭通,1,0,2020-01-26,0,云南省,0
德宏州,2,0,2020-01-26,0,云南省,0
长沙,22,0,2020-01-26,0,湖南省,7
衡阳,4,0,2020-01-26,0,湖南省,1
株洲,5,0,2020-01-26,0,湖南省,1
湘潭,4,0,2020-01-26,0,湖南省,1
邵阳,8,0,2020-01-26,0,湖南省,1
岳阳,7,0,2020-01-26,0,湖南省,1
常德,12,0,2020-01-26,0,湖南省,2
益阳,7,0,2020-01-26,0,湖南省,1
郴州,6,0,2020-01-26,0,湖南省,0
永州,4,0,2020-01-26,0,湖南省,4
怀化,11,0,2020-01-26,0,湖南省,3
娄底,7,0,2020-01-26,0,湖南省,0
湘西自治州,3,0,2020-01-26,0,湖南省,0
济南,7,0,2020-01-26,0,山东省,0
青岛,10,0,2020-01-26,0,山东省,0
淄博,2,0,2020-01-26,0,山东省,0
烟台,4,0,2020-01-26,0,山东省,0
潍坊,3,0,2020-01-26,0,山东省,0
济宁,5,0,2020-01-26,0,山东省,0
威海,7,0,2020-01-26,0,山东省,0
日照,5,0,2020-01-26,0,山东省,0
临沂,7,0,2020-01-26,0,山东省,0
德州,6,0,2020-01-26,0,山东省,0
聊城,1,0,2020-01-26,0,山东省,0
滨州,3,0,2020-01-26,0,山东省,0
菏泽,3,0,2020-01-26,0,山东省,0
合肥,13,0,2020-01-26,0,安徽省,0
阜阳,10,0,2020-01-26,0,安徽省,0
安庆,8,0,2020-01-26,0,安徽省,0
马鞍山,7,0,2020-01-26,0,安徽省,0
亳州,6,0,2020-01-26,0,安徽省,0
芜湖,6,0,2020-01-26,0,安徽省,0
六安,3,0,2020-01-26,0,安徽省,0
铜陵,3,0,2020-01-26,0,安徽省,0
宿州,3,0,2020-01-26,0,安徽省,0
蚌埠,3,0,2020-01-26,0,安徽省,0
滁州,2,0,2020-01-26,0,安徽省,0
淮南,2,0,2020-01-26,0,安徽省,0
宣城,1,0,2020-01-26,0,安徽省,0
淮北,1,0,2020-01-26,0,安徽省,0
池州,1,0,2020-01-26,0,安徽省,0
黄山,1,0,2020-01-26,0,安徽省,0
太原,2,0,2020-01-26,0,山西省,0
朔州,2,0,2020-01-26,0,山西省,0
运城,2,0,2020-01-26,0,山西省,0
晋中,2,0,2020-01-26,0,山西省,0
大同,1,0,2020-01-26,0,山西省,0
长治,1,0,2020-01-26,0,山西省,0
阳泉,1,0,2020-01-26,0,山西省,0
临汾,1,0,2020-01-26,0,山西省,0
吕梁,1,0,2020-01-26,0,山西省,0
长春,1,0,2020-01-26,0,吉林省,0
吉林,2,0,2020-01-26,0,吉林省,0
松原,2,0,2020-01-26,0,吉林省,0
四平,1,0,2020-01-26,0,吉林省,0
哈尔滨,8,0,2020-01-26,0,黑龙江省,0
齐齐哈尔,1,0,2020-01-26,0,黑龙江省,0
牡丹江,1,0,2020-01-26,0,黑龙江省,0
佳木斯,1,0,2020-01-26,0,黑龙江省,0
大庆,5,0,2020-01-26,0,黑龙江省,0
双鸭山,1,0,2020-01-26,0,黑龙江省,0
七台河,1,0,2020-01-26,0,黑龙江省,0
绥化,3,0,2020-01-26,0,黑龙江省,0
南宁,5,0,2020-01-26,0,广西,0
柳州,6,0,2020-01-26,0,广西,0
桂林,14,0,2020-01-26,0,广西,0
梧州,2,0,2020-01-26,0,广西,0
北海,9,0,2020-01-26,0,广西,0
防城港,3,0,2020-01-26,0,广西,0
玉林,2,0,2020-01-26,0,广西,0
百色,2,0,2020-01-26,0,广西,0
河池,3,0,2020-01-26,0,广西,0
海口,6,0,2020-01-26,0,海南省,0
三亚,10,0,2020-01-26,0,海南省,0
儋州,4,0,2020-01-26,0,海南省,0
万宁,7,0,2020-01-26,0,海南省,0
临高,1,0,2020-01-26,0,海南省,0
陵水,1,0,2020-01-26,0,海南省,0
澄迈,2,0,2020-01-26,0,海南省,0
贵阳,1,0,2020-01-26,0,贵州省,0
六盘水,1,0,2020-01-26,0,贵州省,0
铜仁,2,0,2020-01-26,0,贵州省,0
黔南州,2,0,2020-01-26,0,贵州省,0
黔西南州,1,0,2020-01-26,0,贵州省,0
银川,5,0,2020-01-26,0,宁夏,0
中卫,1,0,2020-01-26,0,宁夏,0
固原,1,0,2020-01-26,0,宁夏,0
沈阳,6,0,2020-01-26,0,辽宁省,0
大连,4,0,2020-01-26,0,辽宁省,0
本溪,2,0,2020-01-26,0,辽宁省,0
丹东,1,0,2020-01-26,0,辽宁省,0
营口,1,0,2020-01-26,0,辽宁省,0
铁岭,2,0,2020-01-26,0,辽宁省,0
朝阳,2,0,2020-01-26,0,辽宁省,0
盘锦,2,0,2020-01-26,0,辽宁省,0
葫芦岛,2,0,2020-01-26,0,辽宁省,0
福州,17,0,2020-01-26,0,福建省,0
厦门,4,0,2020-01-26,0,福建省,0
漳州,4,0,2020-01-26,0,福建省,0
泉州,10,0,2020-01-26,0,福建省,0
三明,4,0,2020-01-26,0,福建省,0
莆田,9,0,2020-01-26,0,福建省,0
南平,2,0,2020-01-26,0,福建省,0
宁德,6,0,2020-01-26,0,福建省,0
南京,7,0,2020-01-26,0,江苏省,0
无锡,4,0,2020-01-26,0,江苏省,0
徐州,3,0,2020-01-26,0,江苏省,0
常州,6,0,2020-01-26,0,江苏省,0
苏州,8,0,2020-01-26,1,江苏省,0
南通,4,0,2020-01-26,0,江苏省,0
连云港,3,0,2020-01-26,0,江苏省,0
淮安,2,0,2020-01-26,0,江苏省,0
盐城,1,0,2020-01-26,0,江苏省,0
扬州,4,0,2020-01-26,0,江苏省,0
镇江,2,0,2020-01-26,0,江苏省,1
泰州,2,0,2020-01-26,0,江苏省,0
宿迁,1,0,2020-01-26,0,江苏省,0
石家庄,7,0,2020-01-26,0,河北省,0
保定,3,0,2020-01-26,0,河北省,0
沧州,2,0,2020-01-26,0,河北省,0
邯郸,2,0,2020-01-26,0,河北省,0
廊坊,2,0,2020-01-26,0,河北省,0
承德,1,0,2020-01-26,0,河北省,0
邢台,1,0,2020-01-26,0,河北省,0
西安,8,0,2020-01-26,0,陕西省,0
咸阳,2,0,2020-01-26,0,陕西省,0
安康,3,0,2020-01-26,0,陕西省,0
延安,1,0,2020-01-26,0,陕西省,0
咸阳,2,0,2020-01-26,0,陕西省,0
铜川,5,0,2020-01-26,0,陕西省,0
乌鲁木齐,4,0,2020-01-26,0,新疆,1
伊犁州,1,0,2020-01-26,0,新疆,0
兰州,8,0,2020-01-26,0,甘肃省,2
白银,1,0,2020-01-26,0,甘肃省,0
临夏州,2,0,2020-01-26,0,甘肃省,0
定西,1,0,2020-01-26,0,甘肃省,1
张掖,1,0,2020-01-26,0,甘肃省,0
陇南,1,0,2020-01-26,0,甘肃省,0
包头,2,0,2020-01-26,0,内蒙古,0
呼伦贝尔,2,0,2020-01-26,0,内蒙古,0
兴安盟乌兰浩特,1,0,2020-01-26,0,内蒙古,0
通辽,1,0,2020-01-26,0,内蒙古,0
赤峰,1,0,2020-01-26,0,内蒙古,0
锡林郭勒盟,2,0,2020-01-26,0,内蒙古,0
鄂尔多斯,2,0,2020-01-26,0,内蒙古,0
西宁,4,0,2020-01-26,0,青海省,0
东城,1,0,2020-01-26,0,北京市,0
西城,5,0,2020-01-26,0,北京市,0
朝阳,11,0,2020-01-26,0,北京市,0
海淀,16,0,2020-01-26,0,北京市,0
丰台,4,0,2020-01-26,0,北京市,0
石景山,2,0,2020-01-26,0,北京市,0
通州,6,0,2020-01-26,0,北京市,0
顺义,1,0,2020-01-26,0,北京市,0
大兴,3,0,2020-01-26,0,北京市,0
昌平,7,0,2020-01-26,0,北京市,0
其他,12,0,2020-01-26,0,北京市,0
武汉,618,0,2020-01-25,0,湖北省,0
黄石,31,0,2020-01-25,0,湖北省,0
十堰,20,0,2020-01-25,0,湖北省,0
襄阳,2,0,2020-01-25,0,湖北省,0
宜昌,20,0,2020-01-25,0,湖北省,0
荆州,33,0,2020-01-25,0,湖北省,0
荆门,38,0,2020-01-25,0,湖北省,0
鄂州,1,0,2020-01-25,0,湖北省,0
孝感,55,0,2020-01-25,0,湖北省,0
黄冈,122,0,2020-01-25,0,湖北省,0
咸宁,43,0,2020-01-25,0,湖北省,0
随州,36,0,2020-01-25,0,湖北省,0
恩施州,17,0,2020-01-25,0,湖北省,0
仙桃,11,0,2020-01-25,0,湖北省,0
天门,5,0,2020-01-25,0,湖北省,0
广州,14,0,2020-01-25,0,广东省,0
深圳,27,0,2020-01-25,0,广东省,0
珠海,10,0,2020-01-25,0,广东省,0
汕头,2,0,2020-01-25,0,广东省,0
佛山,10,0,2020-01-25,0,广东省,0
韶关,3,0,2020-01-25,0,广东省,0
惠州,8,0,2020-01-25,0,广东省,0
东莞,2,0,2020-01-25,0,广东省,0
中山,2,0,2020-01-25,0,广东省,0
阳江,6,0,2020-01-25,0,广东省,0
湛江,4,0,2020-01-25,0,广东省,0
肇庆,4,0,2020-01-25,0,广东省,0
清远,3,0,2020-01-25,0,广东省,0
揭阳,3,0,2020-01-25,0,广东省,0
东城,1,0,2020-01-25,0,北京市,0
西城,5,0,2020-01-25,0,北京市,0
朝阳,8,0,2020-01-25,0,北京市,0
海淀,10,0,2020-01-25,0,北京市,0
丰台,3,0,2020-01-25,0,北京市,0
石景山,1,0,2020-01-25,0,北京市,0
通州,4,0,2020-01-25,0,北京市,0
顺义,1,0,2020-01-25,0,北京市,0
大兴,2,0,2020-01-25,0,北京市,0
昌平,5,0,2020-01-25,0,北京市,0
其他,11,0,2020-01-25,0,北京市,0
上海,40,0,2020-01-25,0,上海市,0
杭州,27,0,2020-01-25,0,浙江省,0
宁波,13,0,2020-01-25,0,浙江省,0
温州,18,0,2020-01-25,0,浙江省,0
湖州,1,0,2020-01-25,0,浙江省,0
嘉兴,8,0,2020-01-25,0,浙江省,0
绍兴,5,0,2020-01-25,0,浙江省,0
舟山,2,0,2020-01-25,0,浙江省,0
金华,3,0,2020-01-25,0,浙江省,0
衢州,3,0,2020-01-25,0,浙江省,0
台州,21,0,2020-01-25,0,浙江省,0
丽水,3,0,2020-01-25,0,浙江省,0
万州,13,0,2020-01-25,0,重庆市,0
涪陵,1,0,2020-01-25,0,重庆市,0
大渡口,4,0,2020-01-25,0,重庆市,0
江北,2,0,2020-01-25,0,重庆市,0
九龙坡,3,0,2020-01-25,0,重庆市,0
渝北,4,0,2020-01-25,0,重庆市,0
长寿,5,0,2020-01-25,0,重庆市,0
合川,2,0,2020-01-25,0,重庆市,0
永川,3,0,2020-01-25,0,重庆市,0
大足,1,0,2020-01-25,0,重庆市,0
璧山,2,0,2020-01-25,0,重庆市,0
铜梁,1,0,2020-01-25,0,重庆市,0
开州,4,0,2020-01-25,0,重庆市,0
梁平,1,0,2020-01-25,0,重庆市,0
城口,1,0,2020-01-25,0,重庆市,0
丰都,1,0,2020-01-25,0,重庆市,0
垫江,2,0,2020-01-25,0,重庆市,0
忠,5,0,2020-01-25,0,重庆市,0
云阳,4,0,2020-01-25,0,重庆市,0
奉节,3,0,2020-01-25,0,重庆市,0
巫山,3,0,2020-01-25,0,重庆市,0
巫溪,3,0,2020-01-25,0,重庆市,0
石柱,3,0,2020-01-25,0,重庆市,0
秀山,1,0,2020-01-25,0,重庆市,0
两江新区,3,0,2020-01-25,0,重庆市,0
和平,1,0,2020-01-25,0,天津市,0
南开,1,0,2020-01-25,0,天津市,0
河东,3,0,2020-01-25,0,天津市,0
河北,2,0,2020-01-25,0,天津市,0
西青,1,0,2020-01-25,0,天津市,0
滨海新区,1,0,2020-01-25,0,天津市,0
天津其他,1,0,2020-01-25,0,天津市,0
赣州,7,0,2020-01-25,0,江西省,0
上饶,6,0,2020-01-25,0,江西省,0
抚州,6,0,2020-01-25,0,江西省,0
宜春,5,0,2020-01-25,0,江西省,0
南昌,4,0,2020-01-25,0,江西省,0
九江,2,0,2020-01-25,0,江西省,0
萍乡,2,0,2020-01-25,0,江西省,0
吉安,2,0,2020-01-25,0,江西省,0
景德镇,1,0,2020-01-25,0,江西省,0
新余,1,0,2020-01-25,0,江西省,0
成都,22,0,2020-01-25,0,四川省,0
绵阳,5,0,2020-01-25,0,四川省,0
泸州,2,0,2020-01-25,0,四川省,0
遂宁,2,0,2020-01-25,0,四川省,0
南充,2,0,2020-01-25,0,四川省,0
广安,2,0,2020-01-25,0,四川省,0
甘孜州,2,0,2020-01-25,0,四川省,0
自贡,1,0,2020-01-25,0,四川省,0
德阳,1,0,2020-01-25,0,四川省,0
内江,1,0,2020-01-25,0,四川省,0
乐山,1,0,2020-01-25,0,四川省,0
达州,1,0,2020-01-25,0,四川省,0
雅安,1,0,2020-01-25,0,四川省,0
眉山,1,0,2020-01-25,0,四川省,0
郑州,20,0,2020-01-25,0,河南省,0
洛阳,1,0,2020-01-25,0,河南省,0
平顶山,2,0,2020-01-25,0,河南省,0
安阳,3,0,2020-01-25,0,河南省,0
新乡,3,0,2020-01-25,0,河南省,0
漯河,3,0,2020-01-25,0,河南省,0
三门峡,2,0,2020-01-25,0,河南省,0
南阳,15,0,2020-01-25,0,河南省,0
信阳,22,0,2020-01-25,0,河南省,0
驻马店,7,0,2020-01-25,0,河南省,0
周口,5,0,2020-01-25,0,河南省,0
昆明,4,0,2020-01-25,0,云南省,0
丽江,2,0,2020-01-25,0,云南省,0
西双版纳州,1,0,2020-01-25,0,云南省,0
曲靖,1,0,2020-01-25,0,云南省,0
玉溪,1,0,2020-01-25,0,云南省,0
红河州,1,0,2020-01-25,0,云南省,0
大理州,1,0,2020-01-25,0,云南省,0
长沙,18,0,2020-01-25,0,湖南省,0
衡阳,3,0,2020-01-25,0,湖南省,0
株洲,3,0,2020-01-25,0,湖南省,0
湘潭,3,0,2020-01-25,0,湖南省,0
邵阳,2,0,2020-01-25,0,湖南省,0
岳阳,6,0,2020-01-25,0,湖南省,0
常德,7,0,2020-01-25,0,湖南省,0
益阳,4,0,2020-01-25,0,湖南省,0
郴州,3,0,2020-01-25,0,湖南省,0
永州,4,0,2020-01-25,0,湖南省,0
怀化,8,0,2020-01-25,0,湖南省,0
娄底,5,0,2020-01-25,0,湖南省,0
湘西自治州,3,0,2020-01-25,0,湖南省,0
济南,3,0,2020-01-25,0,山东省,0
青岛,6,0,2020-01-25,0,山东省,0
淄博,1,0,2020-01-25,0,山东省,0
烟台,2,0,2020-01-25,0,山东省,0
潍坊,2,0,2020-01-25,0,山东省,0
济宁,4,0,2020-01-25,0,山东省,0
威海,4,0,2020-01-25,0,山东省,0
日照,4,0,2020-01-25,0,山东省,0
临沂,7,0,2020-01-25,0,山东省,0
德州,3,0,2020-01-25,0,山东省,0
聊城,1,0,2020-01-25,0,山东省,0
滨州,1,0,2020-01-25,0,山东省,0
菏泽,1,0,2020-01-25,0,山东省,0
合肥,13,0,2020-01-25,0,安徽省,0
阜阳,10,0,2020-01-25,0,安徽省,0
马鞍山,7,0,2020-01-25,0,安徽省,0
亳州,6,0,2020-01-25,0,安徽省,0
安庆,5,0,2020-01-25,0,安徽省,0
芜湖,3,0,2020-01-25,0,安徽省,0
六安,3,0,2020-01-25,0,安徽省,0
铜陵,3,0,2020-01-25,0,安徽省,0
宿州,2,0,2020-01-25,0,安徽省,0
滁州,2,0,2020-01-25,0,安徽省,0
宣城,1,0,2020-01-25,0,安徽省,0
淮北,1,0,2020-01-25,0,安徽省,0
淮南,1,0,2020-01-25,0,安徽省,0
池州,1,0,2020-01-25,0,安徽省,0
蚌埠,1,0,2020-01-25,0,安徽省,0
黄山,1,0,2020-01-25,0,安徽省,0
太原,2,0,2020-01-25,0,山西省,0
大同,1,0,2020-01-25,0,山西省,0
阳泉,1,0,2020-01-25,0,山西省,0
长治,1,0,2020-01-25,0,山西省,0
晋中,2,0,2020-01-25,0,山西省,0
运城,2,0,2020-01-25,0,山西省,0
长春,1,0,2020-01-25,0,吉林省,0
吉林,2,0,2020-01-25,0,吉林省,0
松原,1,0,2020-01-25,0,吉林省,0
哈尔滨,8,0,2020-01-25,0,黑龙江省,0
齐齐哈尔,1,0,2020-01-25,0,黑龙江省,0
牡丹江,1,0,2020-01-25,0,黑龙江省,0
大庆,3,0,2020-01-25,0,黑龙江省,0
绥化,2,0,2020-01-25,0,黑龙江省,0
南宁,1,0,2020-01-25,0,广西,0
柳州,4,0,2020-01-25,0,广西,0
桂林,11,0,2020-01-25,0,广西,0
梧州,2,0,2020-01-25,0,广西,0
北海,7,0,2020-01-25,0,广西,0
防城港,2,0,2020-01-25,0,广西,0
玉林,1,0,2020-01-25,0,广西,0
百色,2,0,2020-01-25,0,广西,0
河池,3,0,2020-01-25,0,广西,0
海口,3,0,2020-01-25,0,海南省,0
三亚,8,0,2020-01-25,0,海南省,0
儋州,3,0,2020-01-25,0,海南省,0
万宁,5,0,2020-01-25,0,海南省,0
临高,1,0,2020-01-25,0,海南省,0
陵水,1,0,2020-01-25,0,海南省,0
澄迈,1,0,2020-01-25,0,海南省,0
贵阳,1,0,2020-01-25,0,贵州省,0
铜仁,2,0,2020-01-25,0,贵州省,0
黔南州,1,0,2020-01-25,0,贵州省,0
黔西南州,1,0,2020-01-25,0,贵州省,0
银川,2,0,2020-01-25,0,宁夏,0
中卫,1,0,2020-01-25,0,宁夏,0
固原,1,0,2020-01-25,0,宁夏,0
沈阳,5,0,2020-01-25,0,辽宁省,0
大连,4,0,2020-01-25,0,辽宁省,0
本溪,1,0,2020-01-25,0,辽宁省,0
丹东,1,0,2020-01-25,0,辽宁省,0
营口,1,0,2020-01-25,0,辽宁省,0
铁岭,2,0,2020-01-25,0,辽宁省,0
朝阳,2,0,2020-01-25,0,辽宁省,0
盘锦,1,0,2020-01-25,0,辽宁省,0
葫芦岛,2,0,2020-01-25,0,辽宁省,0
南京,7,0,2020-01-25,0,江苏省,0
无锡,2,0,2020-01-25,0,江苏省,0
常州,5,0,2020-01-25,0,江苏省,0
苏州,7,0,2020-01-25,0,江苏省,0
南通,2,0,2020-01-25,0,江苏省,0
连云港,3,0,2020-01-25,0,江苏省,0
淮安,1,0,2020-01-25,0,江苏省,0
盐城,1,0,2020-01-25,0,江苏省,0
扬州,1,0,2020-01-25,0,江苏省,0
泰州,1,0,2020-01-25,0,江苏省,0
宿迁,1,0,2020-01-25,0,江苏省,0
石家庄,5,0,2020-01-25,0,河北省,0
保定,3,0,2020-01-25,0,河北省,0
沧州,2,0,2020-01-25,0,河北省,0
邯郸,2,0,2020-01-25,0,河北省,0
承德,1,0,2020-01-25,0,河北省,0
西安,9,0,2020-01-25,0,陕西省,0
咸阳,1,0,2020-01-25,0,陕西省,0
商洛,1,0,2020-01-25,0,陕西省,0
汉中,1,0,2020-01-25,0,陕西省,0
咸阳,2,0,2020-01-25,0,陕西省,0
安康,3,0,2020-01-25,0,陕西省,0
延安,1,0,2020-01-25,0,陕西省,0
铜川,4,0,2020-01-25,0,陕西省,0
乌鲁木齐,3,0,2020-01-25,0,新疆,0
伊犁州,1,0,2020-01-25,0,新疆,0
兰州,4,0,2020-01-25,0,甘肃省,0
白银,1,0,2020-01-25,0,甘肃省,0
临夏州,1,0,2020-01-25,0,甘肃省,0
定西,1,0,2020-01-25,0,甘肃省,0
呼伦贝尔,2,0,2020-01-25,0,内蒙古,0
赤峰,1,0,2020-01-25,0,内蒙古,0
锡林郭勒盟,2,0,2020-01-25,0,内蒙古,0
鄂尔多斯,2,0,2020-01-25,0,内蒙古,0
福州,9,0,2020-01-25,0,福建省,0
厦门,1,0,2020-01-25,0,福建省,0
漳州,1,0,2020-01-25,0,福建省,0
泉州,1,0,2020-01-25,0,福建省,0
三明,4,0,2020-01-25,0,福建省,0
宁德,2,0,2020-01-25,0,福建省,0
香港,5,0,2020-01-25,0,香港,0
澳门,2,0,2020-01-25,0,澳门,0
台湾,3,0,2020-01-25,0,澳门,0
西宁,1,0,2020-01-25,0,甘肃省,0
武汉,572,0,2020-01-24,0,湖北省,0
十堰,5,0,2020-01-24,0,湖北省,0
宜昌,1,0,2020-01-24,0,湖北省,0
鄂州,1,0,2020-01-24,0,湖北省,0
荆门,21,0,2020-01-24,0,湖北省,0
孝感,26,0,2020-01-24,0,湖北省,0
荆州,10,0,2020-01-24,0,湖北省,0
黄冈,64,0,2020-01-24,0,湖北省,0
随州,5,0,2020-01-24,0,湖北省,0
恩施州,11,0,2020-01-24,0,湖北省,0
仙桃,10,0,2020-01-24,0,湖北省,0
天门,3,0,2020-01-24,0,湖北省,0
广州,14,0,2020-01-24,0,广东省,0
深圳,20,0,2020-01-24,0,广东省,0
珠海,10,0,2020-01-24,0,广东省,0
汕头,1,0,2020-01-24,0,广东省,0
佛山,9,0,2020-01-24,0,广东省,0
韶关,3,0,2020-01-24,0,广东省,0
惠州,7,0,2020-01-24,0,广东省,0
东莞,1,0,2020-01-24,0,广东省,0
中山,2,0,2020-01-24,0,广东省,0
阳江,5,0,2020-01-24,0,广东省,0
湛江,2,0,2020-01-24,0,广东省,0
肇庆,2,0,2020-01-24,0,广东省,0
清远,2,0,2020-01-24,0,广东省,0
西城,4,0,2020-01-24,0,北京市,0
朝阳,5,0,2020-01-24,0,北京市,0
海淀,6,0,2020-01-24,0,北京市,0
丰台,2,0,2020-01-24,0,北京市,0
石景山,1,0,2020-01-24,0,北京市,0
通州,2,0,2020-01-24,0,北京市,0
顺义,1,0,2020-01-24,0,北京市,0
大兴,2,0,2020-01-24,0,北京市,0
昌平,3,0,2020-01-24,0,北京市,0
其他,10,0,2020-01-24,0,北京市,0
杭州,12,0,2020-01-24,0,浙江省,0
宁波,6,0,2020-01-24,0,浙江省,0
温州,10,0,2020-01-24,0,浙江省,0
嘉兴,4,0,2020-01-24,0,浙江省,0
绍兴,4,0,2020-01-24,0,浙江省,0
舟山,2,0,2020-01-24,0,浙江省,0
金华,2,0,2020-01-24,0,浙江省,0
衢州,2,0,2020-01-24,0,浙江省,0
台州,20,0,2020-01-24,0,浙江省,0
万州,10,0,2020-01-24,0,重庆市,0
涪陵,1,0,2020-01-24,0,重庆市,0
大渡口,2,0,2020-01-24,0,重庆市,0
九龙坡,3,0,2020-01-24,0,重庆市,0
渝北,2,0,2020-01-24,0,重庆市,0
长寿,5,0,2020-01-24,0,重庆市,0
合川,2,0,2020-01-24,0,重庆市,0
永川,3,0,2020-01-24,0,重庆市,0
璧山,2,0,2020-01-24,0,重庆市,0
开州,4,0,2020-01-24,0,重庆市,0
梁平,1,0,2020-01-24,0,重庆市,0
城口,1,0,2020-01-24,0,重庆市,0
丰都,1,0,2020-01-24,0,重庆市,0
垫江,2,0,2020-01-24,0,重庆市,0
忠,3,0,2020-01-24,0,重庆市,0
云阳,2,0,2020-01-24,0,重庆市,0
奉节,1,0,2020-01-24,0,重庆市,0
巫山,3,0,2020-01-24,0,重庆市,0
巫溪,2,0,2020-01-24,0,重庆市,0
石柱,3,0,2020-01-24,0,重庆市,0
秀山,1,0,2020-01-24,0,重庆市,0
两江新区,3,0,2020-01-24,0,重庆市,0
上海,33,0,2020-01-24,0,上海市,0
天津,8,0,2020-01-24,0,天津市,0
抚州,4,0,2020-01-24,0,江西省,0
南昌,3,0,2020-01-24,0,江西省,0
九江,2,0,2020-01-24,0,江西省,0
赣州,2,0,2020-01-24,0,江西省,0
上饶,2,0,2020-01-24,0,江西省,0
景德镇,1,0,2020-01-24,0,江西省,0
萍乡,1,0,2020-01-24,0,江西省,0
新余,1,0,2020-01-24,0,江西省,0
宜春,1,0,2020-01-24,0,江西省,0
吉安,1,0,2020-01-24,0,江西省,0
成都,16,0,2020-01-24,0,四川省,0
绵阳,2,0,2020-01-24,0,四川省,0
遂宁,2,0,2020-01-24,0,四川省,0
广安,2,0,2020-01-24,0,四川省,0
自贡,1,0,2020-01-24,0,四川省,0
泸州,1,0,2020-01-24,0,四川省,0
德阳,1,0,2020-01-24,0,四川省,0
内江,1,0,2020-01-24,0,四川省,0
达州,1,0,2020-01-24,0,四川省,0
雅安,1,0,2020-01-24,0,四川省,0
郑州,6,0,2020-01-24,0,河南省,0
洛阳,1,0,2020-01-24,0,河南省,0
平顶山,1,0,2020-01-24,0,河南省,0
新乡,1,0,2020-01-24,0,河南省,0
三门峡,1,0,2020-01-24,0,河南省,0
南阳,8,0,2020-01-24,0,河南省,0
信阳,5,0,2020-01-24,0,河南省,0
驻马店,2,0,2020-01-24,0,河南省,0
周口,4,0,2020-01-24,0,河南省,0
巩义,2,0,2020-01-24,0,河南省,0
固始,1,0,2020-01-24,0,河南省,0
昆明,3,0,2020-01-24,0,云南省,0
西双版纳州,1,0,2020-01-24,0,云南省,0
丽江,1,0,2020-01-24,0,云南省,0
长沙,8,0,2020-01-24,0,湖南省,0
衡阳,3,0,2020-01-24,0,湖南省,0
株洲,1,0,2020-01-24,0,湖南省,0
湘潭,2,0,2020-01-24,0,湖南省,0
邵阳,2,0,2020-01-24,0,湖南省,0
岳阳,5,0,2020-01-24,0,湖南省,0
常德,3,0,2020-01-24,0,湖南省,0
益阳,4,0,2020-01-24,0,湖南省,0
郴州,1,0,2020-01-24,0,湖南省,0
永州,4,0,2020-01-24,0,湖南省,0
怀化,5,0,2020-01-24,0,湖南省,0
娄底,5,0,2020-01-24,0,湖南省,0
济南,2,0,2020-01-24,0,山东省,0
青岛,4,0,2020-01-24,0,山东省,0
烟台,2,0,2020-01-24,0,山东省,0
潍坊,1,0,2020-01-24,0,山东省,0
济宁,2,0,2020-01-24,0,山东省,0
威海,3,0,2020-01-24,0,山东省,0
日照,2,0,2020-01-24,0,山东省,0
临沂,3,0,2020-01-24,0,山东省,0
德州,1,0,2020-01-24,0,山东省,0
聊城,1,0,2020-01-24,0,山东省,0
合肥,10,0,2020-01-24,0,安徽省,0
铜陵,3,0,2020-01-24,0,安徽省,0
六安,2,0,2020-01-24,0,安徽省,0
阜阳,7,0,2020-01-24,0,安徽省,0
滁州,2,0,2020-01-24,0,安徽省,0
马鞍山,4,0,2020-01-24,0,安徽省,0
亳州,4,0,2020-01-24,0,安徽省,0
安庆,4,0,2020-01-24,0,安徽省,0
池州,1,0,2020-01-24,0,安徽省,0
芜湖,1,0,2020-01-24,0,安徽省,0
蚌埠,1,0,2020-01-24,0,安徽省,0
太原,2,0,2020-01-24,0,山西省,0
大同,1,0,2020-01-24,0,山西省,0
长治,1,0,2020-01-24,0,山西省,0
运城,2,0,2020-01-24,0,山西省,0
长春,1,0,2020-01-24,0,吉林省,0
吉林,2,0,2020-01-24,0,吉林省,0
松原,1,0,2020-01-24,0,吉林省,0
哈尔滨,6,0,2020-01-24,0,黑龙江省,0
牡丹江,1,0,2020-01-24,0,黑龙江省,0
大庆,1,0,2020-01-24,0,黑龙江省,0
绥化,1,0,2020-01-24,0,黑龙江省,0
柳州,3,0,2020-01-24,0,广西,0
桂林,6,0,2020-01-24,0,广西,0
梧州,1,0,2020-01-24,0,广西,0
北海,6,0,2020-01-24,0,广西,0
百色,1,0,2020-01-24,0,广西,0
河池,3,0,2020-01-24,0,广西,0
玉林,1,0,2020-01-24,0,广西,0
防城港,2,0,2020-01-24,0,广西,0
海口,3,0,2020-01-24,0,海南省,0
三亚,2,0,2020-01-24,0,海南省,0
万宁,2,0,2020-01-24,0,海南省,0
临高,1,0,2020-01-24,0,海南省,0
贵阳,1,0,2020-01-24,0,贵州省,0
铜仁,2,0,2020-01-24,0,贵州省,0
黔南州,1,0,2020-01-24,0,贵州省,0
银川,1,0,2020-01-24,0,宁夏,0
中卫,1,0,2020-01-24,0,宁夏,0
固原,1,0,2020-01-24,0,宁夏,0
沈阳,3,0,2020-01-24,0,辽宁省,0
大连,2,0,2020-01-24,0,辽宁省,0
本溪,1,0,2020-01-24,0,辽宁省,0
铁岭,2,0,2020-01-24,0,辽宁省,0
朝阳,2,0,2020-01-24,0,辽宁省,0
葫芦岛,2,0,2020-01-24,0,辽宁省,0
福州,5,0,2020-01-24,0,福建省,0
厦门,3,0,2020-01-24,0,福建省,0
泉州,1,0,2020-01-24,0,福建省,0
宁德,1,0,2020-01-24,0,福建省,0
南京,4,0,2020-01-24,0,江苏省,0
无锡,1,0,2020-01-24,0,江苏省,0
常州,5,0,2020-01-24,0,江苏省,0
苏州,3,0,2020-01-24,0,江苏省,0
南通,1,0,2020-01-24,0,江苏省,0
连云港,1,0,2020-01-24,0,江苏省,0
盐城,1,0,2020-01-24,0,江苏省,0
扬州,1,0,2020-01-24,0,江苏省,0
宿迁,1,0,2020-01-24,0,江苏省,0
石家庄,4,0,2020-01-24,0,河北省,0
沧州,2,0,2020-01-24,0,河北省,0
保定,1,0,2020-01-24,0,河北省,0
承德,1,0,2020-01-24,0,河北省,0
西安,2,0,2020-01-24,0,陕西省,0
咸阳,1,0,2020-01-24,0,陕西省,0
安康,1,0,2020-01-24,0,陕西省,0
延安,1,0,2020-01-24,0,陕西省,0
乌鲁木齐,3,0,2020-01-24,0,新疆,0
兰州,4,0,2020-01-24,0,甘肃省,0
满洲里,1,0,2020-01-24,0,内蒙古,0
锡林郭勒盟,1,0,2020-01-24,0,内蒙古,0
香港,5,0,2020-01-24,0,香港,0
澳门,2,0,2020-01-24,0,澳门,0
台湾,3,0,2020-01-24,0,台湾,0
武汉,495,0,2020-01-23,0,湖北省,0
孝感,22,0,2020-01-23,0,湖北省,0
黄冈,12,0,2020-01-23,0,湖北省,0
荆州,8,0,2020-01-23,0,湖北省,0
荆门,8,0,2020-01-23,0,湖北省,0
仙桃,2,0,2020-01-23,0,湖北省,0
宜昌,1,0,2020-01-23,0,湖北省,0
十堰,1,0,2020-01-23,0,湖北省,0
广州,7,0,2020-01-23,0,广东省,0
深圳,15,0,2020-01-23,0,广东省,0
珠海,8,0,2020-01-23,0,广东省,0
佛山,6,0,2020-01-23,0,广东省,0
韶关,3,0,2020-01-23,0,广东省,0
惠州,5,0,2020-01-23,0,广东省,0
中山,2,0,2020-01-23,0,广东省,0
阳江,3,0,2020-01-23,0,广东省,0
湛江,2,0,2020-01-23,0,广东省,0
肇庆,1,0,2020-01-23,0,广东省,0
清远,1,0,2020-01-23,0,广东省,0
西城,3,0,2020-01-23,0,北京市,0
朝阳,3,0,2020-01-23,0,北京市,0
海淀,3,0,2020-01-23,0,北京市,0
丰台,2,0,2020-01-23,0,北京市,0
石景山,1,0,2020-01-23,0,北京市,0
通州,2,0,2020-01-23,0,北京市,0
顺义,1,0,2020-01-23,0,北京市,0
大兴,2,0,2020-01-23,0,北京市,0
昌平,2,0,2020-01-23,0,北京市,0
其他,7,0,2020-01-23,0,北京市,0
上海,20,0,2020-01-23,0,上海市,0
杭州,6,0,2020-01-23,0,浙江省,0
宁波,5,0,2020-01-23,0,浙江省,0
温州,6,0,2020-01-23,0,浙江省,0
嘉兴,3,0,2020-01-23,0,浙江省,0
绍兴,1,0,2020-01-23,0,浙江省,0
舟山,1,0,2020-01-23,0,浙江省,0
金华,1,0,2020-01-23,0,浙江省,0
衢州,2,0,2020-01-23,0,浙江省,0
台州,18,0,2020-01-23,0,浙江省,0
万州,3,0,2020-01-23,0,重庆市,0
涪陵,1,0,2020-01-23,0,重庆市,0
大渡口,1,0,2020-01-23,0,重庆市,0
九龙坡,2,0,2020-01-23,0,重庆市,0
渝北,2,0,2020-01-23,0,重庆市,0
长寿,3,0,2020-01-23,0,重庆市,0
永川,2,0,2020-01-23,0,重庆市,0
开州,2,0,2020-01-23,0,重庆市,0
垫江,2,0,2020-01-23,0,重庆市,0
忠,1,0,2020-01-23,0,重庆市,0
云阳,1,0,2020-01-23,0,重庆市,0
奉节,1,0,2020-01-23,0,重庆市,0
巫山,3,0,2020-01-23,0,重庆市,0
巫溪,1,0,2020-01-23,0,重庆市,0
秀山,1,0,2020-01-23,0,重庆市,0
两江新区,1,0,2020-01-23,0,重庆市,0
天津,5,0,2020-01-23,0,天津市,0
南昌,2,0,2020-01-23,0,江西省,0
抚州,1,0,2020-01-23,0,江西省,0
萍乡,1,0,2020-01-23,0,江西省,0
九江,1,0,2020-01-23,0,江西省,0
新余,1,0,2020-01-23,0,江西省,0
吉安,1,0,2020-01-23,0,江西省,0
成都,7,0,2020-01-23,0,四川省,0
绵阳,2,0,2020-01-23,0,四川省,0
广安,2,0,2020-01-23,0,四川省,0
德阳,1,0,2020-01-23,0,四川省,0
遂宁,1,0,2020-01-23,0,四川省,0
达州,1,0,2020-01-23,0,四川省,0
雅安,1,0,2020-01-23,0,四川省,0
郑州,3,0,2020-01-23,0,河南省,0
洛阳,1,0,2020-01-23,0,河南省,0
三门峡,1,0,2020-01-23,0,河南省,0
信阳,1,0,2020-01-23,0,河南省,0
周口,1,0,2020-01-23,0,河南省,0
巩义,2,0,2020-01-23,0,河南省,0
昆明,2,0,2020-01-23,0,云南省,0
长沙,8,0,2020-01-23,0,湖南省,0
株洲,1,0,2020-01-23,0,湖南省,0
湘潭,1,0,2020-01-23,0,湖南省,0
岳阳,3,0,2020-01-23,0,湖南省,0
郴州,1,0,2020-01-23,0,湖南省,0
永州,4,0,2020-01-23,0,湖南省,0
怀化,3,0,2020-01-23,0,湖南省,0
娄底,3,0,2020-01-23,0,湖南省,0
青岛,3,0,2020-01-23,0,山东省,0
潍坊,1,0,2020-01-23,0,山东省,0
威海,2,0,2020-01-23,0,山东省,0
日照,1,0,2020-01-23,0,山东省,0
临沂,2,0,2020-01-23,0,山东省,0
合肥,6,0,2020-01-23,0,安徽省,0
六安,2,0,2020-01-23,0,安徽省,0
阜阳,2,0,2020-01-23,0,安徽省,0
滁州,1,0,2020-01-23,0,安徽省,0
亳州,1,0,2020-01-23,0,安徽省,0
安庆,1,0,2020-01-23,0,安徽省,0
池州,1,0,2020-01-23,0,安徽省,0
蚌埠,1,0,2020-01-23,0,安徽省,0
太原,1,0,2020-01-23,0,山西省,0
长春,1,0,2020-01-23,0,吉林省,0
吉林,1,0,2020-01-23,0,吉林省,0
松原,1,0,2020-01-23,0,吉林省,0
绥化,1,0,2020-01-23,0,黑龙江省,0
大庆,1,0,2020-01-23,0,黑龙江省,0
柳州,2,0,2020-01-23,0,广西,0
桂林,2,0,2020-01-23,0,广西,0
梧州,1,0,2020-01-23,0,广西,0
北海,6,0,2020-01-23,0,广西,0
百色,1,0,2020-01-23,0,广西,0
河池,1,0,2020-01-23,0,广西,0
海口,3,0,2020-01-23,0,海南省,0
三亚,2,0,2020-01-23,0,海南省,0
万宁,2,0,2020-01-23,0,海南省,0
临高,1,0,2020-01-23,0,海南省,0
贵阳,1,0,2020-01-23,0,贵州省,0
铜仁,1,0,2020-01-23,0,贵州省,0
黔南州,1,0,2020-01-23,0,贵州省,0
银川,1,0,2020-01-23,0,宁夏,0
中卫,1,0,2020-01-23,0,宁夏,0
沈阳,2,0,2020-01-23,0,辽宁省,0
大连,1,0,2020-01-23,0,辽宁省,0
朝阳,1,0,2020-01-23,0,辽宁省,0
福州,3,0,2020-01-23,0,福建省,0
厦门,2,0,2020-01-23,0,福建省,0
南京,3,0,2020-01-23,0,江苏省,0
无锡,1,0,2020-01-23,0,江苏省,0
苏州,2,0,2020-01-23,0,江苏省,0
南通,1,0,2020-01-23,0,江苏省,0
连云港,1,0,2020-01-23,0,江苏省,0
扬州,1,0,2020-01-23,0,江苏省,0
石家庄,1,0,2020-01-23,0,河北省,0
沧州,1,0,2020-01-23,0,河北省,0
西安,2,0,2020-01-23,0,陕西省,0
咸阳,1,0,2020-01-23,0,陕西省,0
乌鲁木齐,2,0,2020-01-23,0,新疆,0
兰州,1,0,2020-01-23,0,甘肃省,0
香港,2,0,2020-01-23,0,香港,0
澳门,2,0,2020-01-23,0,澳门,0
台湾,1,0,2020-01-23,0,台湾,0
